timestamp,bid,ask,mid,volume
2023-01-01 00:00:00.285000+00:00,100.0047,100.0455,100.0251,96
2023-01-01 00:00:00.307000+00:00,99.915,99.9639,99.9395,79
2023-01-01 00:00:00.398000+00:00,99.9758,100.0267,100.0013,101
2023-01-01 00:00:01.191000+00:00,100.0573,100.1002,100.0787,0
2023-01-01 00:00:01.314000+00:00,99.8947,99.9414,99.9181,62
2023-01-01 00:00:01.751000+00:00,99.7811,99.8408,99.811,149
2023-01-01 00:00:01.931000+00:00,99.8013,99.8416,99.8215,68
2023-01-01 00:00:02.286000+00:00,99.771,99.8199,99.7955,58
2023-01-01 00:00:03.100000+00:00,99.7657,99.8225,99.7941,165
2023-01-01 00:00:03.390000+00:00,99.7008,99.7472,99.724,167
2023-01-01 00:00:05.833000+00:00,99.7715,99.821,99.7963,125
2023-01-01 00:00:06.063000+00:00,99.8305,99.8899,99.8602,77
2023-01-01 00:00:06.285000+00:00,99.8409,99.8904,99.8656,88
2023-01-01 00:00:06.618000+00:00,99.9371,99.9797,99.9584,59
2023-01-01 00:00:06.647000+00:00,99.9764,100.0174,99.9969,50
2023-01-01 00:00:07.463000+00:00,99.8967,99.9556,99.9261,47
2023-01-01 00:00:07.701000+00:00,99.9339,99.9791,99.9565,69
2023-01-01 00:00:08.296000+00:00,99.8526,99.9026,99.8776,48
2023-01-01 00:00:08.680000+00:00,99.929,99.9708,99.9499,21
2023-01-01 00:00:09.119000+00:00,99.9215,99.97,99.9458,110
2023-01-01 00:00:09.611000+00:00,99.9013,99.9598,99.9306,111
2023-01-01 00:00:09.755000+00:00,99.8495,99.8995,99.8745,185
2023-01-01 00:00:10.554000+00:00,99.9454,100.0048,99.9751,66
2023-01-01 00:00:10.554000+00:00,99.9398,99.985,99.9624,114
2023-01-01 00:00:10.591000+00:00,99.9021,99.9522,99.9272,115
2023-01-01 00:00:11.255000+00:00,99.8696,99.9267,99.8982,87
2023-01-01 00:00:12.620000+00:00,99.9175,99.9665,99.942,137
2023-01-01 00:00:12.763000+00:00,99.9493,99.9949,99.9721,138
2023-01-01 00:00:12.840000+00:00,99.9775,100.0346,100.0061,116
2023-01-01 00:00:13.170000+00:00,100.0176,100.0655,100.0416,87
2023-01-01 00:00:13.242000+00:00,100.1928,100.2435,100.2182,82
2023-01-01 00:00:13.254000+00:00,100.1548,100.2145,100.1846,31
2023-01-01 00:00:13.591000+00:00,100.1205,100.1643,100.1424,59
2023-01-01 00:00:13.644000+00:00,100.0522,100.0983,100.0753,68
2023-01-01 00:00:14.111000+00:00,100.1057,100.1464,100.1261,43
2023-01-01 00:00:14.338000+00:00,100.1952,100.2432,100.2192,121
2023-01-01 00:00:15.661000+00:00,100.1878,100.2318,100.2098,159
2023-01-01 00:00:16.073000+00:00,100.1136,100.1673,100.1405,54
2023-01-01 00:00:16.687000+00:00,100.0507,100.0943,100.0725,114
2023-01-01 00:00:17.001000+00:00,100.0994,100.1529,100.1261,48
2023-01-01 00:00:17.521000+00:00,100.1648,100.2101,100.1875,84
2023-01-01 00:00:18.349000+00:00,100.2087,100.2559,100.2323,65
2023-01-01 00:00:18.687000+00:00,100.1538,100.2009,100.1774,130
2023-01-01 00:00:19.023000+00:00,100.1693,100.2237,100.1965,66
2023-01-01 00:00:19.110000+00:00,100.1814,100.2309,100.2061,150
2023-01-01 00:00:19.122000+00:00,100.2005,100.2479,100.2242,87
2023-01-01 00:00:19.282000+00:00,100.2675,100.3248,100.2962,67
2023-01-01 00:00:19.647000+00:00,100.2888,100.3404,100.3146,37
2023-01-01 00:00:20.374000+00:00,100.3485,100.393,100.3707,112
2023-01-01 00:00:20.710000+00:00,100.3472,100.4054,100.3763,144
2023-01-01 00:00:22.105000+00:00,100.3767,100.4237,100.4002,113
2023-01-01 00:00:22.594000+00:00,100.432,100.4729,100.4524,211
2023-01-01 00:00:23.476000+00:00,100.3069,100.357,100.332,171
2023-01-01 00:00:26.297000+00:00,100.2842,100.3268,100.3055,84
2023-01-01 00:00:27.472000+00:00,100.2442,100.2891,100.2667,84
2023-01-01 00:00:28.965000+00:00,100.1864,100.2415,100.2139,123
2023-01-01 00:00:29.231000+00:00,100.1699,100.2126,100.1912,58
2023-01-01 00:00:29.318000+00:00,100.2865,100.3428,100.3147,158
2023-01-01 00:00:29.534000+00:00,100.2137,100.2726,100.2432,118
2023-01-01 00:00:29.576000+00:00,100.297,100.3493,100.3231,112
2023-01-01 00:00:29.637000+00:00,100.157,100.2113,100.1842,134
2023-01-01 00:00:29.648000+00:00,100.1294,100.1837,100.1566,186
2023-01-01 00:00:29.648000+00:00,100.14,100.2,100.17,108
2023-01-01 00:00:30.806000+00:00,100.1949,100.2418,100.2184,94
2023-01-01 00:00:32.548000+00:00,100.2554,100.2988,100.2771,175
2023-01-01 00:00:33.107000+00:00,100.3173,100.3679,100.3426,148
2023-01-01 00:00:33.537000+00:00,100.2884,100.3392,100.3138,83
2023-01-01 00:00:33.875000+00:00,100.2538,100.2975,100.2756,100
2023-01-01 00:00:35.695000+00:00,100.3203,100.3727,100.3465,109
2023-01-01 00:00:35.889000+00:00,100.3105,100.3509,100.3307,118
2023-01-01 00:00:36.649000+00:00,100.196,100.2547,100.2253,32
2023-01-01 00:00:36.785000+00:00,100.1092,100.1545,100.1318,22
2023-01-01 00:00:36.924000+00:00,100.0356,100.0764,100.056,55
2023-01-01 00:00:37.538000+00:00,100.0759,100.1181,100.097,51
2023-01-01 00:00:38.262000+00:00,100.0863,100.1312,100.1087,67
2023-01-01 00:00:38.323000+00:00,100.1429,100.1885,100.1657,131
2023-01-01 00:00:38.858000+00:00,100.1101,100.1508,100.1305,91
2023-01-01 00:00:39.362000+00:00,100.1207,100.1664,100.1435,109
2023-01-01 00:00:39.470000+00:00,100.1732,100.2171,100.1951,38
2023-01-01 00:00:40.750000+00:00,100.1458,100.1934,100.1696,76
2023-01-01 00:00:41.089000+00:00,100.1834,100.2312,100.2073,129
2023-01-01 00:00:41.300000+00:00,100.1293,100.1761,100.1527,129
2023-01-01 00:00:41.506000+00:00,100.0994,100.1461,100.1228,63
2023-01-01 00:00:41.719000+00:00,100.0704,100.1122,100.0913,108
2023-01-01 00:00:41.744000+00:00,99.9725,100.013,99.9927,209
2023-01-01 00:00:42.442000+00:00,100.0108,100.0549,100.0329,99
2023-01-01 00:00:43.922000+00:00,99.9666,100.0218,99.9942,65
2023-01-01 00:00:44.997000+00:00,99.9653,100.0251,99.9952,91
2023-01-01 00:00:45.227000+00:00,100.0055,100.0641,100.0348,104
2023-01-01 00:00:45.858000+00:00,100.0466,100.0967,100.0716,92
2023-01-01 00:00:46.063000+00:00,100.1011,100.1518,100.1265,98
2023-01-01 00:00:46.142000+00:00,100.0952,100.1415,100.1184,27
2023-01-01 00:00:46.370000+00:00,100.0557,100.1112,100.0835,51
2023-01-01 00:00:46.604000+00:00,100.0492,100.1046,100.0769,92
2023-01-01 00:00:46.702000+00:00,99.9095,99.9663,99.9379,91
2023-01-01 00:00:46.953000+00:00,99.79,99.8478,99.8189,71
2023-01-01 00:00:47.252000+00:00,99.6859,99.7345,99.7102,91
2023-01-01 00:00:47.399000+00:00,99.6008,99.6559,99.6283,103
2023-01-01 00:00:47.426000+00:00,99.6332,99.6891,99.6611,144
2023-01-01 00:00:47.552000+00:00,99.5638,99.6098,99.5868,95
2023-01-01 00:00:48.578000+00:00,99.5267,99.585,99.5558,119
2023-01-01 00:00:48.985000+00:00,99.6415,99.6833,99.6624,72
2023-01-01 00:00:49.173000+00:00,99.6033,99.663,99.6332,128
2023-01-01 00:00:49.321000+00:00,99.6661,99.7213,99.6937,118
2023-01-01 00:00:49.831000+00:00,99.5962,99.6379,99.6171,143
2023-01-01 00:00:49.931000+00:00,99.5738,99.6267,99.6002,135
2023-01-01 00:00:50.052000+00:00,99.5021,99.5426,99.5223,129
2023-01-01 00:00:50.934000+00:00,99.467,99.5221,99.4945,95
2023-01-01 00:00:51.219000+00:00,99.5355,99.5913,99.5634,112
2023-01-01 00:00:51.303000+00:00,99.396,99.4477,99.4219,153
2023-01-01 00:00:51.316000+00:00,99.429,99.4859,99.4575,67
2023-01-01 00:00:52.997000+00:00,99.4561,99.4978,99.4769,68
2023-01-01 00:00:52.998000+00:00,99.4056,99.4509,99.4283,109
2023-01-01 00:00:53.359000+00:00,99.2859,99.3339,99.3099,120
2023-01-01 00:00:53.866000+00:00,99.2955,99.3361,99.3158,58
2023-01-01 00:00:54.254000+00:00,99.2482,99.2968,99.2725,96
2023-01-01 00:00:54.488000+00:00,99.269,99.314,99.2915,95
2023-01-01 00:00:55.409000+00:00,99.2696,99.3171,99.2933,10
2023-01-01 00:00:56.433000+00:00,99.4003,99.4485,99.4244,89
2023-01-01 00:00:56.679000+00:00,99.3762,99.4334,99.4048,92
2023-01-01 00:00:57.019000+00:00,99.2985,99.3436,99.321,91
2023-01-01 00:00:57.363000+00:00,99.307,99.3645,99.3357,170
2023-01-01 00:00:57.896000+00:00,99.3296,99.3778,99.3537,39
2023-01-01 00:00:58.001000+00:00,99.4418,99.4882,99.465,58
2023-01-01 00:00:58.032000+00:00,99.5085,99.5583,99.5334,30
2023-01-01 00:00:58.290000+00:00,99.5386,99.5868,99.5627,75
2023-01-01 00:00:58.342000+00:00,99.6603,99.7053,99.6828,80
2023-01-01 00:00:58.643000+00:00,99.5603,99.6101,99.5852,74
2023-01-01 00:00:59.395000+00:00,99.5113,99.5542,99.5327,155
2023-01-01 00:00:59.685000+00:00,99.4334,99.4802,99.4568,143
2023-01-01 00:01:00.044000+00:00,99.3994,99.4504,99.4249,103
2023-01-01 00:01:00.470000+00:00,99.2883,99.3362,99.3122,81
2023-01-01 00:01:01.108000+00:00,99.3361,99.3923,99.3642,151
2023-01-01 00:01:01.505000+00:00,99.3236,99.3684,99.346,99
2023-01-01 00:01:01.765000+00:00,99.1963,99.2552,99.2257,59
2023-01-01 00:01:02.014000+00:00,99.1152,99.1704,99.1428,14
2023-01-01 00:01:02.111000+00:00,99.1389,99.1978,99.1684,77
2023-01-01 00:01:02.367000+00:00,99.2087,99.265,99.2369,137
2023-01-01 00:01:03.033000+00:00,99.3789,99.4215,99.4002,213
2023-01-01 00:01:03.267000+00:00,99.6138,99.6642,99.639,103
2023-01-01 00:01:03.471000+00:00,99.6514,99.6947,99.673,61
2023-01-01 00:01:03.843000+00:00,99.5638,99.6199,99.5918,40
2023-01-01 00:01:03.926000+00:00,99.3914,99.4428,99.4171,127
2023-01-01 00:01:03.967000+00:00,99.4165,99.4615,99.439,11
2023-01-01 00:01:04.551000+00:00,99.3434,99.4016,99.3725,127
2023-01-01 00:01:04.704000+00:00,99.3175,99.3595,99.3385,140
2023-01-01 00:01:04.840000+00:00,99.263,99.3139,99.2884,121
2023-01-01 00:01:05.767000+00:00,99.2499,99.3039,99.2769,89
2023-01-01 00:01:06.853000+00:00,99.3436,99.3846,99.3641,128
2023-01-01 00:01:07.168000+00:00,99.3511,99.4028,99.377,108
2023-01-01 00:01:07.614000+00:00,99.336,99.392,99.364,61
2023-01-01 00:01:09.134000+00:00,99.2587,99.2998,99.2793,192
2023-01-01 00:01:09.363000+00:00,99.1175,99.1673,99.1424,82
2023-01-01 00:01:10.252000+00:00,99.0803,99.1251,99.1027,138
2023-01-01 00:01:10.844000+00:00,99.0719,99.1247,99.0983,20
2023-01-01 00:01:12.192000+00:00,99.2217,99.2638,99.2427,163
2023-01-01 00:01:12.307000+00:00,99.2242,99.2825,99.2534,173
2023-01-01 00:01:13.042000+00:00,99.305,99.3625,99.3337,101
2023-01-01 00:01:13.119000+00:00,99.2712,99.3146,99.2929,127
2023-01-01 00:01:13.852000+00:00,99.173,99.2191,99.196,127
2023-01-01 00:01:14.025000+00:00,99.0916,99.1429,99.1172,67
2023-01-01 00:01:14.050000+00:00,99.0311,99.085,99.058,127
2023-01-01 00:01:14.838000+00:00,99.2076,99.2561,99.2318,59
2023-01-01 00:01:14.861000+00:00,99.1434,99.1861,99.1647,69
2023-01-01 00:01:15.696000+00:00,99.2124,99.2541,99.2332,156
2023-01-01 00:01:15.791000+00:00,99.1297,99.1892,99.1595,148
2023-01-01 00:01:16.162000+00:00,99.2112,99.26,99.2356,64
2023-01-01 00:01:16.176000+00:00,99.2385,99.2956,99.2671,63
2023-01-01 00:01:16.210000+00:00,99.2296,99.2789,99.2542,67
2023-01-01 00:01:16.341000+00:00,99.2219,99.2799,99.2509,136
2023-01-01 00:01:16.541000+00:00,99.1767,99.2181,99.1974,50
2023-01-01 00:01:16.627000+00:00,99.2129,99.2548,99.2339,117
2023-01-01 00:01:16.680000+00:00,99.1676,99.2257,99.1967,137
2023-01-01 00:01:16.748000+00:00,99.0674,99.1258,99.0966,95
2023-01-01 00:01:17.046000+00:00,98.9694,99.0153,98.9924,150
2023-01-01 00:01:17.072000+00:00,98.9831,99.0297,99.0064,84
2023-01-01 00:01:18.150000+00:00,99.111,99.1596,99.1353,89
2023-01-01 00:01:19.254000+00:00,99.1244,99.1723,99.1483,51
2023-01-01 00:01:19.283000+00:00,99.1169,99.1604,99.1386,150
2023-01-01 00:01:19.833000+00:00,99.1332,99.1907,99.162,61
2023-01-01 00:01:20.346000+00:00,99.2463,99.2911,99.2687,117
2023-01-01 00:01:20.706000+00:00,99.2598,99.3135,99.2866,96
2023-01-01 00:01:20.833000+00:00,99.2325,99.2736,99.253,47
2023-01-01 00:01:21.195000+00:00,99.3233,99.3638,99.3435,69
2023-01-01 00:01:22.050000+00:00,99.3522,99.405,99.3786,169
2023-01-01 00:01:22.203000+00:00,99.4811,99.5277,99.5044,110
2023-01-01 00:01:22.901000+00:00,99.493,99.5458,99.5194,49
2023-01-01 00:01:23.178000+00:00,99.3983,99.4399,99.4191,115
2023-01-01 00:01:24.168000+00:00,99.2778,99.3364,99.3071,92
2023-01-01 00:01:24.594000+00:00,99.4149,99.4696,99.4423,272
2023-01-01 00:01:25.369000+00:00,99.5549,99.6122,99.5835,114
2023-01-01 00:01:26.717000+00:00,99.5475,99.5901,99.5688,80
2023-01-01 00:01:26.969000+00:00,99.5143,99.5605,99.5374,171
2023-01-01 00:01:27.471000+00:00,99.6337,99.6809,99.6573,7
2023-01-01 00:01:29.049000+00:00,99.5412,99.5917,99.5664,104
2023-01-01 00:01:31.528000+00:00,99.4702,99.5159,99.4931,199
2023-01-01 00:01:31.896000+00:00,99.5253,99.5663,99.5458,94
2023-01-01 00:01:33.173000+00:00,99.4899,99.5371,99.5135,13
2023-01-01 00:01:33.376000+00:00,99.4906,99.5355,99.5131,80
2023-01-01 00:01:33.605000+00:00,99.4759,99.5234,99.4997,172
2023-01-01 00:01:34.839000+00:00,99.5055,99.5492,99.5273,118
2023-01-01 00:01:35.282000+00:00,99.6202,99.6653,99.6428,58
2023-01-01 00:01:36.079000+00:00,99.624,99.6764,99.6502,65
2023-01-01 00:01:36.285000+00:00,99.6793,99.7269,99.7031,72
2023-01-01 00:01:37.016000+00:00,99.5115,99.5582,99.5349,118
2023-01-01 00:01:37.873000+00:00,99.5056,99.5561,99.5309,166
2023-01-01 00:01:38.093000+00:00,99.4342,99.4893,99.4618,152
2023-01-01 00:01:38.414000+00:00,99.3383,99.3856,99.362,122
2023-01-01 00:01:38.596000+00:00,99.2644,99.3158,99.2901,33
2023-01-01 00:01:39.571000+00:00,99.2334,99.2923,99.2628,33
2023-01-01 00:01:40.109000+00:00,99.3127,99.3628,99.3377,126
2023-01-01 00:01:40.190000+00:00,99.2004,99.2581,99.2293,32
2023-01-01 00:01:41.583000+00:00,99.204,99.2595,99.2318,88
2023-01-01 00:01:42.058000+00:00,99.1718,99.2126,99.1922,115
2023-01-01 00:01:42.281000+00:00,99.1414,99.1895,99.1654,43
2023-01-01 00:01:42.723000+00:00,99.2206,99.2742,99.2474,48
2023-01-01 00:01:42.831000+00:00,99.2617,99.321,99.2914,95
2023-01-01 00:01:43+00:00,99.3764,99.4252,99.4008,125
2023-01-01 00:01:43.874000+00:00,99.3673,99.4089,99.3881,153
2023-01-01 00:01:44.041000+00:00,99.3057,99.3566,99.3312,130
2023-01-01 00:01:45.798000+00:00,99.2918,99.334,99.3129,103
2023-01-01 00:01:45.919000+00:00,99.3054,99.3601,99.3327,62
2023-01-01 00:01:46.924000+00:00,99.3223,99.3721,99.3472,46
2023-01-01 00:01:47.946000+00:00,99.2314,99.2855,99.2585,74
2023-01-01 00:01:48.519000+00:00,99.2374,99.2944,99.2659,120
2023-01-01 00:01:48.634000+00:00,99.2584,99.3106,99.2845,116
2023-01-01 00:01:48.846000+00:00,99.4646,99.5166,99.4906,4
2023-01-01 00:01:49.180000+00:00,99.6171,99.672,99.6445,60
2023-01-01 00:01:49.864000+00:00,99.5462,99.6028,99.5745,160
2023-01-01 00:01:51.670000+00:00,99.5224,99.5795,99.551,103
2023-01-01 00:01:52.186000+00:00,99.4108,99.4513,99.431,29
2023-01-01 00:01:52.730000+00:00,99.3573,99.4081,99.3827,217
2023-01-01 00:01:53.432000+00:00,99.3865,99.4305,99.4085,98
2023-01-01 00:01:53.709000+00:00,99.4788,99.5358,99.5073,119
2023-01-01 00:01:53.824000+00:00,99.4212,99.4739,99.4476,119
2023-01-01 00:01:54.893000+00:00,99.3699,99.418,99.394,81
2023-01-01 00:01:56.785000+00:00,99.1967,99.2401,99.2184,63
2023-01-01 00:01:57.570000+00:00,99.1819,99.2283,99.2051,206
2023-01-01 00:01:57.720000+00:00,99.0915,99.1451,99.1183,150
2023-01-01 00:01:58.190000+00:00,99.0533,99.0969,99.0751,141
2023-01-01 00:01:58.726000+00:00,98.9828,99.0243,99.0036,128
2023-01-01 00:01:58.980000+00:00,98.9673,99.0245,98.9959,49
2023-01-01 00:01:59.494000+00:00,98.8253,98.88,98.8527,163
2023-01-01 00:02:01.151000+00:00,98.7116,98.755,98.7333,57
2023-01-01 00:02:01.471000+00:00,98.8839,98.9293,98.9066,114
2023-01-01 00:02:01.823000+00:00,98.7724,98.8311,98.8018,18
2023-01-01 00:02:02.366000+00:00,98.6858,98.7393,98.7126,2
2023-01-01 00:02:02.697000+00:00,98.8362,98.8878,98.862,115
2023-01-01 00:02:03.570000+00:00,99.076,99.1217,99.0989,59
2023-01-01 00:02:03.824000+00:00,98.9805,99.026,99.0033,0
2023-01-01 00:02:04.306000+00:00,98.9531,98.9934,98.9733,127
2023-01-01 00:02:05.042000+00:00,98.9741,99.0281,99.0011,206
2023-01-01 00:02:05.169000+00:00,99.1219,99.1624,99.1422,169
2023-01-01 00:02:05.519000+00:00,99.0417,99.0815,99.0616,87
2023-01-01 00:02:05.828000+00:00,99.0146,99.0686,99.0416,100
2023-01-01 00:02:06.107000+00:00,99.0758,99.1343,99.105,144
2023-01-01 00:02:06.346000+00:00,99.1132,99.1678,99.1405,156
2023-01-01 00:02:06.438000+00:00,99.0853,99.1343,99.1098,82
2023-01-01 00:02:07.024000+00:00,99.0743,99.1235,99.0989,101
2023-01-01 00:02:07.078000+00:00,98.9626,99.0108,98.9867,115
2023-01-01 00:02:08.134000+00:00,98.9443,98.9903,98.9673,127
2023-01-01 00:02:08.337000+00:00,98.9207,98.9706,98.9456,93
2023-01-01 00:02:08.509000+00:00,98.9405,98.9886,98.9645,93
2023-01-01 00:02:08.703000+00:00,98.8936,98.945,98.9193,168
2023-01-01 00:02:09.902000+00:00,98.929,98.9864,98.9577,160
2023-01-01 00:02:10.110000+00:00,99.0106,99.0699,99.0403,123
2023-01-01 00:02:10.509000+00:00,99.0324,99.0735,99.053,185
2023-01-01 00:02:10.569000+00:00,99.058,99.1053,99.0817,80
2023-01-01 00:02:11.483000+00:00,99.0644,99.1076,99.086,181
2023-01-01 00:02:12.566000+00:00,99.0627,99.1093,99.086,127
2023-01-01 00:02:12.585000+00:00,99.0045,99.0498,99.0271,263
2023-01-01 00:02:12.767000+00:00,99.0314,99.0745,99.0529,40
2023-01-01 00:02:12.860000+00:00,99.0176,99.0724,99.045,65
2023-01-01 00:02:14.757000+00:00,99.1911,99.2407,99.2159,120
2023-01-01 00:02:14.881000+00:00,99.3156,99.3736,99.3446,119
2023-01-01 00:02:15.562000+00:00,99.3559,99.3963,99.3761,197
2023-01-01 00:02:16.346000+00:00,99.2932,99.3342,99.3137,66
2023-01-01 00:02:17.676000+00:00,99.1989,99.2466,99.2227,145
2023-01-01 00:02:17.906000+00:00,99.2995,99.3408,99.3201,158
2023-01-01 00:02:17.968000+00:00,99.3192,99.3641,99.3416,135
2023-01-01 00:02:18.009000+00:00,99.3513,99.4106,99.3809,51
2023-01-01 00:02:18.472000+00:00,99.2163,99.2602,99.2382,170
2023-01-01 00:02:19.069000+00:00,99.2922,99.3359,99.3141,161
2023-01-01 00:02:19.324000+00:00,99.3257,99.3768,99.3512,129
2023-01-01 00:02:19.829000+00:00,99.2356,99.2852,99.2604,110
2023-01-01 00:02:20.224000+00:00,99.1963,99.2475,99.2219,111
2023-01-01 00:02:20.511000+00:00,99.2198,99.267,99.2434,96
2023-01-01 00:02:21.074000+00:00,99.2197,99.2758,99.2477,132
2023-01-01 00:02:21.135000+00:00,99.2026,99.2451,99.2238,101
2023-01-01 00:02:21.232000+00:00,99.1913,99.2395,99.2154,57
2023-01-01 00:02:21.839000+00:00,99.1681,99.2215,99.1948,47
2023-01-01 00:02:23.919000+00:00,99.1788,99.2357,99.2073,62
2023-01-01 00:02:24.441000+00:00,99.304,99.3511,99.3276,111
2023-01-01 00:02:24.728000+00:00,99.0924,99.1433,99.1178,98
2023-01-01 00:02:25.464000+00:00,99.078,99.119,99.0985,110
2023-01-01 00:02:27.629000+00:00,99.0914,99.1344,99.1129,125
2023-01-01 00:02:27.827000+00:00,99.1165,99.1576,99.1371,68
2023-01-01 00:02:28.026000+00:00,99.0797,99.1337,99.1067,173
2023-01-01 00:02:28.028000+00:00,98.9408,98.986,98.9634,86
2023-01-01 00:02:28.265000+00:00,98.9632,99.0171,98.9901,78
2023-01-01 00:02:28.315000+00:00,99.1106,99.1516,99.1311,124
2023-01-01 00:02:29.505000+00:00,98.9776,99.0343,99.0059,8
2023-01-01 00:02:31.041000+00:00,99.0483,99.1045,99.0764,60
2023-01-01 00:02:31.116000+00:00,99.0289,99.0703,99.0496,149
2023-01-01 00:02:33.218000+00:00,99.0245,99.0646,99.0446,13
2023-01-01 00:02:33.587000+00:00,98.9384,98.9791,98.9587,155
2023-01-01 00:02:33.597000+00:00,98.9032,98.9597,98.9315,175
2023-01-01 00:02:34.965000+00:00,99.0153,99.0596,99.0375,81
2023-01-01 00:02:35.205000+00:00,99.0597,99.1102,99.085,114
2023-01-01 00:02:36.114000+00:00,99.2024,99.2505,99.2265,155
2023-01-01 00:02:36.344000+00:00,99.295,99.3505,99.3227,76
2023-01-01 00:02:36.479000+00:00,99.3339,99.3834,99.3587,143
2023-01-01 00:02:36.901000+00:00,99.4766,99.5264,99.5015,66
2023-01-01 00:02:36.985000+00:00,99.5077,99.5672,99.5375,76
2023-01-01 00:02:37.723000+00:00,99.5839,99.6268,99.6054,60
2023-01-01 00:02:38.602000+00:00,99.5528,99.6092,99.581,117
2023-01-01 00:02:38.727000+00:00,99.5661,99.6069,99.5865,157
2023-01-01 00:02:39.419000+00:00,99.5046,99.554,99.5293,90
2023-01-01 00:02:40.030000+00:00,99.5817,99.6392,99.6105,36
2023-01-01 00:02:41.628000+00:00,99.4873,99.5404,99.5138,45
2023-01-01 00:02:41.682000+00:00,99.5512,99.6047,99.578,119
2023-01-01 00:02:41.779000+00:00,99.5398,99.5849,99.5623,192
2023-01-01 00:02:42.012000+00:00,99.6343,99.6825,99.6584,119
2023-01-01 00:02:42.122000+00:00,99.6965,99.7437,99.7201,80
2023-01-01 00:02:42.383000+00:00,99.8445,99.8949,99.8697,138
2023-01-01 00:02:42.426000+00:00,99.9052,99.9545,99.9298,88
2023-01-01 00:02:43.184000+00:00,99.7773,99.8238,99.8005,81
2023-01-01 00:02:43.787000+00:00,99.772,99.8181,99.795,52
2023-01-01 00:02:44.107000+00:00,99.6763,99.7212,99.6988,170
2023-01-01 00:02:45.530000+00:00,99.6326,99.6798,99.6562,26
2023-01-01 00:02:48.135000+00:00,99.7589,99.8018,99.7803,139
2023-01-01 00:02:48.404000+00:00,99.8041,99.8614,99.8327,76
2023-01-01 00:02:49.793000+00:00,99.7493,99.8012,99.7753,79
2023-01-01 00:02:50.084000+00:00,99.6707,99.7133,99.692,184
2023-01-01 00:02:50.928000+00:00,99.6678,99.7216,99.6947,64
2023-01-01 00:02:51.821000+00:00,99.5665,99.6232,99.5949,65
2023-01-01 00:02:52.040000+00:00,99.5176,99.5621,99.5398,93
2023-01-01 00:02:52.585000+00:00,99.544,99.5868,99.5654,120
2023-01-01 00:02:52.829000+00:00,99.6402,99.6802,99.6602,77
2023-01-01 00:02:53.560000+00:00,99.6898,99.7306,99.7102,21
2023-01-01 00:02:53.824000+00:00,99.4947,99.5497,99.5222,56
2023-01-01 00:02:53.904000+00:00,99.5174,99.5769,99.5471,164
2023-01-01 00:02:54.802000+00:00,99.5327,99.5734,99.553,103
2023-01-01 00:02:55.536000+00:00,99.5596,99.6144,99.587,122
2023-01-01 00:02:56.399000+00:00,99.699,99.7403,99.7196,86
2023-01-01 00:02:57.053000+00:00,99.5245,99.5761,99.5503,67
2023-01-01 00:02:57.921000+00:00,99.4745,99.5293,99.5019,183
2023-01-01 00:02:58.042000+00:00,99.5268,99.5738,99.5503,90
2023-01-01 00:02:58.804000+00:00,99.4007,99.4407,99.4207,77
2023-01-01 00:02:58.935000+00:00,99.5158,99.5675,99.5416,154
2023-01-01 00:02:59.435000+00:00,99.5421,99.6016,99.5719,63
2023-01-01 00:02:59.956000+00:00,99.6188,99.6638,99.6413,70
2023-01-01 00:03:00.170000+00:00,99.5727,99.6163,99.5945,100
2023-01-01 00:03:00.704000+00:00,99.6401,99.6824,99.6612,100
2023-01-01 00:03:01.462000+00:00,99.7235,99.7745,99.749,112
2023-01-01 00:03:01.850000+00:00,99.7422,99.794,99.7681,204
2023-01-01 00:03:01.919000+00:00,99.7595,99.8152,99.7874,116
2023-01-01 00:03:02.077000+00:00,99.7821,99.8371,99.8096,18
2023-01-01 00:03:02.865000+00:00,99.7098,99.7675,99.7386,116
2023-01-01 00:03:03.191000+00:00,99.6985,99.7545,99.7265,101
2023-01-01 00:03:03.443000+00:00,99.6916,99.7364,99.714,102
2023-01-01 00:03:04.681000+00:00,99.72,99.771,99.7455,112
2023-01-01 00:03:04.962000+00:00,99.8047,99.8506,99.8277,98
2023-01-01 00:03:06.779000+00:00,99.7174,99.7639,99.7407,97
2023-01-01 00:03:07.391000+00:00,99.7012,99.7596,99.7304,130
2023-01-01 00:03:08.468000+00:00,99.8254,99.8789,99.8522,72
2023-01-01 00:03:08.766000+00:00,99.7613,99.8207,99.791,52
2023-01-01 00:03:09.684000+00:00,99.6994,99.7476,99.7235,251
2023-01-01 00:03:09.854000+00:00,99.7148,99.7654,99.7401,64
2023-01-01 00:03:10.051000+00:00,99.7847,99.8343,99.8095,105
2023-01-01 00:03:10.736000+00:00,99.7894,99.8314,99.8104,25
2023-01-01 00:03:10.808000+00:00,99.8974,99.9421,99.9197,105
2023-01-01 00:03:11.046000+00:00,99.965,100.0155,99.9903,53
2023-01-01 00:03:11.646000+00:00,100.0389,100.0803,100.0596,77
2023-01-01 00:03:13.131000+00:00,100.0759,100.1346,100.1053,152
2023-01-01 00:03:13.277000+00:00,100.2761,100.3187,100.2974,123
2023-01-01 00:03:14.235000+00:00,100.2584,100.3025,100.2804,128
2023-01-01 00:03:14.615000+00:00,100.0874,100.1428,100.1151,11
2023-01-01 00:03:16.921000+00:00,100.2264,100.2685,100.2475,191
2023-01-01 00:03:18.069000+00:00,100.1806,100.2387,100.2097,40
2023-01-01 00:03:18.518000+00:00,100.1913,100.2459,100.2186,176
2023-01-01 00:03:19.331000+00:00,100.306,100.3475,100.3267,151
2023-01-01 00:03:19.350000+00:00,100.1675,100.2214,100.1944,128
2023-01-01 00:03:20.381000+00:00,100.0648,100.1175,100.0912,57
2023-01-01 00:03:20.569000+00:00,99.9317,99.9868,99.9593,107
2023-01-01 00:03:21.335000+00:00,99.8657,99.9222,99.8939,76
2023-01-01 00:03:21.788000+00:00,99.9029,99.9573,99.9301,101
2023-01-01 00:03:22.010000+00:00,99.9474,99.9991,99.9732,87
2023-01-01 00:03:23.376000+00:00,99.9728,100.0192,99.996,1
2023-01-01 00:03:23.387000+00:00,99.8528,99.9066,99.8797,156
2023-01-01 00:03:23.673000+00:00,99.6604,99.7193,99.6899,95
2023-01-01 00:03:23.884000+00:00,99.6685,99.7201,99.6943,75
2023-01-01 00:03:24.031000+00:00,99.629,99.6821,99.6556,71
2023-01-01 00:03:24.509000+00:00,99.669,99.7176,99.6933,117
2023-01-01 00:03:24.987000+00:00,99.7235,99.7784,99.751,55
2023-01-01 00:03:25.406000+00:00,99.7324,99.7922,99.7623,12
2023-01-01 00:03:25.978000+00:00,99.8032,99.8464,99.8248,120
2023-01-01 00:03:26.147000+00:00,99.8216,99.8656,99.8436,125
2023-01-01 00:03:27.771000+00:00,99.8619,99.9126,99.8872,90
2023-01-01 00:03:27.804000+00:00,99.8045,99.854,99.8293,42
2023-01-01 00:03:29.157000+00:00,99.7888,99.8402,99.8145,104
2023-01-01 00:03:29.193000+00:00,99.8102,99.8511,99.8307,26
2023-01-01 00:03:29.412000+00:00,99.8742,99.9222,99.8982,48
2023-01-01 00:03:29.756000+00:00,99.84,99.8916,99.8658,62
2023-01-01 00:03:29.870000+00:00,99.8828,99.9345,99.9087,142
2023-01-01 00:03:30.173000+00:00,99.8602,99.9133,99.8868,81
2023-01-01 00:03:30.444000+00:00,99.85,99.9043,99.8771,77
2023-01-01 00:03:31.076000+00:00,99.919,99.9718,99.9454,197
2023-01-01 00:03:31.321000+00:00,99.7536,99.8093,99.7815,117
2023-01-01 00:03:31.643000+00:00,99.6488,99.7011,99.675,116
2023-01-01 00:03:31.843000+00:00,99.5281,99.5786,99.5534,81
2023-01-01 00:03:34.103000+00:00,99.3363,99.3881,99.3622,70
2023-01-01 00:03:34.232000+00:00,99.2858,99.3276,99.3067,9
2023-01-01 00:03:34.552000+00:00,99.3454,99.3906,99.368,148
2023-01-01 00:03:35.048000+00:00,99.3196,99.3698,99.3447,122
2023-01-01 00:03:35.285000+00:00,99.3324,99.3894,99.3609,91
2023-01-01 00:03:35.297000+00:00,99.4234,99.4767,99.4501,93
2023-01-01 00:03:35.733000+00:00,99.5381,99.5797,99.5589,136
2023-01-01 00:03:36.050000+00:00,99.5274,99.579,99.5532,22
2023-01-01 00:03:36.059000+00:00,99.6421,99.6864,99.6643,70
2023-01-01 00:03:36.487000+00:00,99.6446,99.6991,99.6718,43
2023-01-01 00:03:36.643000+00:00,99.5749,99.6313,99.6031,188
2023-01-01 00:03:37.305000+00:00,99.5285,99.5802,99.5544,143
2023-01-01 00:03:37.327000+00:00,99.4073,99.4588,99.433,10
2023-01-01 00:03:37.612000+00:00,99.3371,99.3836,99.3603,24
2023-01-01 00:03:37.775000+00:00,99.3067,99.3553,99.331,93
2023-01-01 00:03:37.806000+00:00,99.3683,99.4253,99.3968,76
2023-01-01 00:03:38.889000+00:00,99.5107,99.5649,99.5378,33
2023-01-01 00:03:39.210000+00:00,99.3995,99.4496,99.4245,197
2023-01-01 00:03:39.439000+00:00,99.4331,99.4802,99.4567,115
2023-01-01 00:03:40.224000+00:00,99.3511,99.3919,99.3715,123
2023-01-01 00:03:40.528000+00:00,99.3891,99.4317,99.4104,65
2023-01-01 00:03:41.065000+00:00,99.3778,99.4214,99.3996,136
2023-01-01 00:03:41.383000+00:00,99.2263,99.2734,99.2498,80
2023-01-01 00:03:41.662000+00:00,99.2965,99.355,99.3258,85
2023-01-01 00:03:42.214000+00:00,99.2514,99.3011,99.2763,130
2023-01-01 00:03:42.230000+00:00,99.2105,99.2548,99.2326,18
2023-01-01 00:03:42.540000+00:00,99.1244,99.1661,99.1452,179
2023-01-01 00:03:44.129000+00:00,99.0687,99.115,99.0918,109
2023-01-01 00:03:44.200000+00:00,99.0988,99.1547,99.1268,164
2023-01-01 00:03:45.079000+00:00,99.0877,99.1349,99.1113,46
2023-01-01 00:03:45.214000+00:00,99.1107,99.1656,99.1381,53
2023-01-01 00:03:46.274000+00:00,99.1399,99.1955,99.1677,41
2023-01-01 00:03:46.359000+00:00,99.2547,99.2966,99.2756,112
2023-01-01 00:03:46.602000+00:00,99.2217,99.2735,99.2476,103
2023-01-01 00:03:47.047000+00:00,99.0976,99.1563,99.1269,76
2023-01-01 00:03:49.030000+00:00,99.1903,99.2379,99.2141,49
2023-01-01 00:03:49.178000+00:00,99.1667,99.2074,99.187,36
2023-01-01 00:03:49.898000+00:00,99.2491,99.3071,99.2781,97
2023-01-01 00:03:50.131000+00:00,99.2808,99.3381,99.3095,76
2023-01-01 00:03:50.947000+00:00,99.2737,99.3238,99.2988,65
2023-01-01 00:03:51.475000+00:00,99.3019,99.3526,99.3273,177
2023-01-01 00:03:51.518000+00:00,99.465,99.509,99.487,95
2023-01-01 00:03:51.910000+00:00,99.6292,99.6854,99.6573,163
2023-01-01 00:03:51.988000+00:00,99.6381,99.6879,99.663,73
2023-01-01 00:03:52.159000+00:00,99.6559,99.6965,99.6762,112
2023-01-01 00:03:52.587000+00:00,99.7378,99.7914,99.7646,97
2023-01-01 00:03:52.694000+00:00,99.6657,99.7245,99.6951,15
2023-01-01 00:03:54.052000+00:00,99.6943,99.7507,99.7225,171
2023-01-01 00:03:54.350000+00:00,99.6976,99.7431,99.7204,93
2023-01-01 00:03:54.730000+00:00,99.7257,99.7666,99.7461,137
2023-01-01 00:03:55.129000+00:00,99.6484,99.707,99.6777,62
2023-01-01 00:03:55.379000+00:00,99.518,99.5765,99.5473,91
2023-01-01 00:03:55.601000+00:00,99.3523,99.4026,99.3775,56
2023-01-01 00:03:56.104000+00:00,99.2598,99.3123,99.2861,161
2023-01-01 00:03:57.101000+00:00,99.2241,99.273,99.2486,115
2023-01-01 00:03:57.796000+00:00,99.2006,99.2486,99.2246,118
2023-01-01 00:03:57.899000+00:00,99.362,99.4041,99.383,167
2023-01-01 00:03:59.016000+00:00,99.4527,99.4945,99.4736,157
2023-01-01 00:03:59.637000+00:00,99.3726,99.417,99.3948,138
2023-01-01 00:04:00.723000+00:00,99.3951,99.4515,99.4233,28
2023-01-01 00:04:00.936000+00:00,99.3686,99.4113,99.39,65
2023-01-01 00:04:02.049000+00:00,99.3446,99.3888,99.3667,49
2023-01-01 00:04:02.164000+00:00,99.3565,99.4072,99.3818,136
2023-01-01 00:04:02.974000+00:00,99.4105,99.4546,99.4325,108
2023-01-01 00:04:03.282000+00:00,99.3833,99.4263,99.4048,30
2023-01-01 00:04:03.284000+00:00,99.4664,99.5174,99.4919,90
2023-01-01 00:04:04.626000+00:00,99.3748,99.4219,99.3984,25
2023-01-01 00:04:05.769000+00:00,99.3728,99.425,99.3989,97
2023-01-01 00:04:05.886000+00:00,99.5828,99.6408,99.6118,17
2023-01-01 00:04:06.070000+00:00,99.6086,99.6515,99.6301,126
2023-01-01 00:04:06.791000+00:00,99.7187,99.7768,99.7478,118
2023-01-01 00:04:07.505000+00:00,99.7263,99.7842,99.7553,195
2023-01-01 00:04:08.160000+00:00,99.7748,99.8312,99.803,142
2023-01-01 00:04:08.197000+00:00,99.7721,99.8246,99.7983,78
2023-01-01 00:04:08.309000+00:00,99.7582,99.8105,99.7843,140
2023-01-01 00:04:08.374000+00:00,99.694,99.7466,99.7203,30
2023-01-01 00:04:08.731000+00:00,99.7288,99.7825,99.7556,51
2023-01-01 00:04:08.743000+00:00,99.6656,99.7058,99.6857,116
2023-01-01 00:04:08.808000+00:00,99.7109,99.7699,99.7404,7
2023-01-01 00:04:09.254000+00:00,99.8037,99.8554,99.8296,98
2023-01-01 00:04:09.332000+00:00,99.8319,99.8875,99.8597,48
2023-01-01 00:04:09.976000+00:00,99.8124,99.8599,99.8362,105
2023-01-01 00:04:10.032000+00:00,99.8534,99.8936,99.8735,46
2023-01-01 00:04:11.234000+00:00,99.823,99.8732,99.8481,121
2023-01-01 00:04:11.363000+00:00,99.9,99.9501,99.9251,100
2023-01-01 00:04:11.511000+00:00,99.7501,99.7988,99.7745,170
2023-01-01 00:04:11.513000+00:00,99.7235,99.7702,99.7469,100
2023-01-01 00:04:12.200000+00:00,99.5611,99.6059,99.5835,61
2023-01-01 00:04:12.511000+00:00,99.4358,99.4861,99.4609,87
2023-01-01 00:04:14.726000+00:00,99.5491,99.5964,99.5727,32
2023-01-01 00:04:14.792000+00:00,99.6165,99.6757,99.6461,120
2023-01-01 00:04:15.752000+00:00,99.5655,99.6088,99.5871,129
2023-01-01 00:04:15.854000+00:00,99.4409,99.487,99.464,223
2023-01-01 00:04:16.343000+00:00,99.1986,99.2442,99.2214,68
2023-01-01 00:04:16.531000+00:00,99.1518,99.2022,99.177,86
2023-01-01 00:04:16.871000+00:00,99.3501,99.3997,99.3749,71
2023-01-01 00:04:16.942000+00:00,99.3842,99.4368,99.4105,110
2023-01-01 00:04:17.474000+00:00,99.3354,99.394,99.3647,119
2023-01-01 00:04:17.738000+00:00,99.38,99.4255,99.4028,97
2023-01-01 00:04:17.739000+00:00,99.2483,99.3018,99.275,154
2023-01-01 00:04:17.905000+00:00,99.2306,99.2708,99.2507,69
2023-01-01 00:04:17.906000+00:00,99.2364,99.2813,99.2589,149
2023-01-01 00:04:17.992000+00:00,99.2274,99.2763,99.2518,126
2023-01-01 00:04:18.858000+00:00,99.2963,99.3367,99.3165,99
2023-01-01 00:04:19.060000+00:00,99.3187,99.3707,99.3447,84
2023-01-01 00:04:19.722000+00:00,99.3728,99.426,99.3994,221
2023-01-01 00:04:20.447000+00:00,99.3158,99.3703,99.3431,59
2023-01-01 00:04:20.458000+00:00,99.3915,99.4416,99.4165,114
2023-01-01 00:04:21.838000+00:00,99.5241,99.5759,99.55,62
2023-01-01 00:04:22.082000+00:00,99.4467,99.4943,99.4705,189
2023-01-01 00:04:22.865000+00:00,99.3775,99.4181,99.3978,144
2023-01-01 00:04:23.106000+00:00,99.4863,99.5281,99.5072,66
2023-01-01 00:04:23.319000+00:00,99.4651,99.5179,99.4915,125
2023-01-01 00:04:24.034000+00:00,99.5768,99.6365,99.6066,112
2023-01-01 00:04:25.351000+00:00,99.5503,99.5904,99.5703,74
2023-01-01 00:04:25.752000+00:00,99.6642,99.7152,99.6897,137
2023-01-01 00:04:25.763000+00:00,99.6731,99.728,99.7005,119
2023-01-01 00:04:26.103000+00:00,99.6935,99.7499,99.7217,110
2023-01-01 00:04:26.271000+00:00,99.8249,99.8757,99.8503,97
2023-01-01 00:04:26.656000+00:00,99.7944,99.8467,99.8206,121
2023-01-01 00:04:26.917000+00:00,99.7163,99.7701,99.7432,111
2023-01-01 00:04:27.048000+00:00,99.6779,99.7349,99.7064,102
2023-01-01 00:04:27.071000+00:00,99.7224,99.7647,99.7435,67
2023-01-01 00:04:27.079000+00:00,99.5859,99.6442,99.615,184
2023-01-01 00:04:27.682000+00:00,99.6471,99.6875,99.6673,47
2023-01-01 00:04:27.904000+00:00,99.5948,99.6514,99.6231,121
2023-01-01 00:04:29.234000+00:00,99.6966,99.738,99.7173,83
2023-01-01 00:04:30.844000+00:00,99.499,99.5427,99.5209,187
2023-01-01 00:04:31.496000+00:00,99.4365,99.4764,99.4564,54
2023-01-01 00:04:31.928000+00:00,99.2941,99.3427,99.3184,63
2023-01-01 00:04:32.083000+00:00,99.2277,99.274,99.2508,51
2023-01-01 00:04:32.372000+00:00,99.2496,99.2926,99.2711,116
2023-01-01 00:04:32.777000+00:00,99.2321,99.2807,99.2564,31
2023-01-01 00:04:33.850000+00:00,99.2119,99.2595,99.2357,76
2023-01-01 00:04:34.356000+00:00,99.1952,99.2502,99.2227,7
2023-01-01 00:04:34.499000+00:00,99.2106,99.268,99.2393,112
2023-01-01 00:04:34.748000+00:00,99.1306,99.1832,99.1569,74
2023-01-01 00:04:36.378000+00:00,99.1936,99.2357,99.2147,25
2023-01-01 00:04:36.501000+00:00,99.246,99.2916,99.2688,154
2023-01-01 00:04:37.189000+00:00,99.2714,99.3292,99.3003,34
2023-01-01 00:04:37.273000+00:00,99.3251,99.3666,99.3458,139
2023-01-01 00:04:37.370000+00:00,99.3462,99.394,99.3701,64
2023-01-01 00:04:38.508000+00:00,99.5075,99.5661,99.5368,180
2023-01-01 00:04:38.811000+00:00,99.5003,99.559,99.5297,137
2023-01-01 00:04:39.139000+00:00,99.4805,99.5285,99.5045,49
2023-01-01 00:04:39.337000+00:00,99.4162,99.4693,99.4427,54
2023-01-01 00:04:39.573000+00:00,99.3338,99.3826,99.3582,130
2023-01-01 00:04:39.865000+00:00,99.2291,99.2838,99.2565,86
2023-01-01 00:04:39.991000+00:00,99.1637,99.204,99.1838,91
2023-01-01 00:04:40.098000+00:00,99.1568,99.1993,99.178,163
2023-01-01 00:04:40.868000+00:00,99.1794,99.2313,99.2054,62
2023-01-01 00:04:41.064000+00:00,99.1874,99.2317,99.2095,104
2023-01-01 00:04:41.375000+00:00,99.1206,99.1734,99.147,147
2023-01-01 00:04:42.966000+00:00,99.1972,99.2439,99.2205,140
2023-01-01 00:04:42.981000+00:00,99.2523,99.3096,99.281,92
2023-01-01 00:04:43.135000+00:00,99.2399,99.2959,99.2679,85
2023-01-01 00:04:43.498000+00:00,99.1898,99.2393,99.2146,13
2023-01-01 00:04:44.521000+00:00,99.2319,99.2869,99.2594,47
2023-01-01 00:04:45.300000+00:00,99.2522,99.2973,99.2748,115
2023-01-01 00:04:46.373000+00:00,99.1317,99.1812,99.1564,93
2023-01-01 00:04:46.534000+00:00,99.1291,99.1727,99.1509,103
2023-01-01 00:04:46.926000+00:00,99.1439,99.2006,99.1723,151
2023-01-01 00:04:48.223000+00:00,99.0708,99.1268,99.0988,40
2023-01-01 00:04:49.131000+00:00,99.0855,99.1431,99.1143,88
2023-01-01 00:04:49.477000+00:00,98.9671,99.0241,98.9956,109
2023-01-01 00:04:49.522000+00:00,99.0753,99.134,99.1046,64
2023-01-01 00:04:49.958000+00:00,99.1844,99.2286,99.2065,171
2023-01-01 00:04:49.967000+00:00,99.1568,99.215,99.1859,145
2023-01-01 00:04:50.799000+00:00,99.1901,99.2411,99.2156,114
2023-01-01 00:04:52.143000+00:00,98.9949,99.0429,99.0189,189
2023-01-01 00:04:52.826000+00:00,98.8993,98.9499,98.9246,25
2023-01-01 00:04:52.984000+00:00,98.8775,98.9238,98.9007,99
2023-01-01 00:04:53.313000+00:00,98.7908,98.836,98.8134,118
2023-01-01 00:04:53.675000+00:00,98.8494,98.8937,98.8715,54
2023-01-01 00:04:53.889000+00:00,99.0137,99.0549,99.0343,115
2023-01-01 00:04:54.916000+00:00,98.9137,98.9631,98.9384,44
2023-01-01 00:04:55.129000+00:00,98.8416,98.8987,98.8702,134
2023-01-01 00:04:56.096000+00:00,98.8633,98.9154,98.8894,152
2023-01-01 00:04:56.492000+00:00,98.9957,99.0456,99.0207,113
2023-01-01 00:04:56.559000+00:00,98.897,98.945,98.921,7
2023-01-01 00:04:57.644000+00:00,98.9169,98.9657,98.9413,51
2023-01-01 00:04:57.989000+00:00,99.0679,99.1117,99.0898,128
2023-01-01 00:04:58.040000+00:00,98.9272,98.9831,98.9551,101
2023-01-01 00:04:59.125000+00:00,98.829,98.8725,98.8508,34
2023-01-01 00:04:59.872000+00:00,98.7894,98.8431,98.8163,162
2023-01-01 00:05:00.033000+00:00,98.7467,98.8012,98.7739,106
2023-01-01 00:05:00.306000+00:00,98.8146,98.8655,98.8401,59
2023-01-01 00:05:01.556000+00:00,98.8314,98.888,98.8597,149
2023-01-01 00:05:01.764000+00:00,98.6927,98.7379,98.7153,66
2023-01-01 00:05:02.189000+00:00,98.7288,98.7857,98.7572,65
2023-01-01 00:05:02.986000+00:00,98.6833,98.7372,98.7103,117
2023-01-01 00:05:03.210000+00:00,98.7863,98.8416,98.8139,189
2023-01-01 00:05:04.196000+00:00,98.7366,98.7892,98.7629,181
2023-01-01 00:05:04.797000+00:00,98.683,98.7392,98.7111,117
2023-01-01 00:05:05.198000+00:00,98.7255,98.7847,98.7551,123
2023-01-01 00:05:05.543000+00:00,98.7933,98.8411,98.8172,139
2023-01-01 00:05:06.474000+00:00,98.8258,98.8815,98.8537,37
2023-01-01 00:05:07.157000+00:00,98.6894,98.7436,98.7165,132
2023-01-01 00:05:07.480000+00:00,98.736,98.7845,98.7603,63
2023-01-01 00:05:07.688000+00:00,98.6473,98.7051,98.6762,115
2023-01-01 00:05:07.927000+00:00,98.6717,98.7189,98.6953,88
2023-01-01 00:05:08.418000+00:00,98.5543,98.6049,98.5796,125
2023-01-01 00:05:08.431000+00:00,98.5951,98.6366,98.6159,105
2023-01-01 00:05:08.519000+00:00,98.5284,98.5723,98.5504,53
2023-01-01 00:05:09.890000+00:00,98.4184,98.4743,98.4463,108
2023-01-01 00:05:10.654000+00:00,98.4806,98.5278,98.5042,132
2023-01-01 00:05:11.358000+00:00,98.5002,98.5474,98.5238,122
2023-01-01 00:05:11.746000+00:00,98.4519,98.4961,98.474,94
2023-01-01 00:05:11.904000+00:00,98.5672,98.6164,98.5918,182
2023-01-01 00:05:12.354000+00:00,98.5284,98.5837,98.556,115
2023-01-01 00:05:12.372000+00:00,98.5301,98.5872,98.5586,121
2023-01-01 00:05:12.719000+00:00,98.56,98.6009,98.5805,152
2023-01-01 00:05:12.725000+00:00,98.5048,98.5555,98.5302,118
2023-01-01 00:05:12.960000+00:00,98.5441,98.5927,98.5684,55
2023-01-01 00:05:15.069000+00:00,98.4993,98.5509,98.5251,21
2023-01-01 00:05:15.265000+00:00,98.4676,98.5158,98.4917,76
2023-01-01 00:05:15.852000+00:00,98.5786,98.626,98.6023,138
2023-01-01 00:05:16.109000+00:00,98.4935,98.5422,98.5178,82
2023-01-01 00:05:16.128000+00:00,98.2969,98.3476,98.3222,140
2023-01-01 00:05:16.130000+00:00,98.4282,98.4774,98.4528,107
2023-01-01 00:05:16.211000+00:00,98.6353,98.6841,98.6597,164
2023-01-01 00:05:16.337000+00:00,98.599,98.6546,98.6268,85
2023-01-01 00:05:16.587000+00:00,98.4426,98.4966,98.4696,123
2023-01-01 00:05:16.727000+00:00,98.4214,98.4675,98.4444,125
2023-01-01 00:05:17.104000+00:00,98.3936,98.4488,98.4212,175
2023-01-01 00:05:17.856000+00:00,98.3777,98.4339,98.4058,14
2023-01-01 00:05:17.871000+00:00,98.2944,98.3368,98.3156,77
2023-01-01 00:05:17.945000+00:00,98.3372,98.388,98.3626,142
2023-01-01 00:05:19.379000+00:00,98.3826,98.4276,98.4051,177
2023-01-01 00:05:20.024000+00:00,98.2571,98.3109,98.284,112
2023-01-01 00:05:20.115000+00:00,98.3186,98.3627,98.3406,85
2023-01-01 00:05:20.153000+00:00,98.4807,98.5333,98.507,137
2023-01-01 00:05:21.116000+00:00,98.4988,98.5432,98.521,143
2023-01-01 00:05:22.306000+00:00,98.4689,98.5183,98.4936,82
2023-01-01 00:05:22.678000+00:00,98.4531,98.5111,98.4821,116
2023-01-01 00:05:23.066000+00:00,98.5085,98.5555,98.532,159
2023-01-01 00:05:23.110000+00:00,98.3634,98.42,98.3917,194
2023-01-01 00:05:23.447000+00:00,98.3756,98.4344,98.405,137
2023-01-01 00:05:23.849000+00:00,98.3451,98.4016,98.3733,102
2023-01-01 00:05:25.233000+00:00,98.5018,98.5445,98.5232,97
2023-01-01 00:05:25.327000+00:00,98.4813,98.5368,98.509,127
2023-01-01 00:05:25.540000+00:00,98.6244,98.6645,98.6445,94
2023-01-01 00:05:25.863000+00:00,98.5312,98.5784,98.5548,109
2023-01-01 00:05:25.954000+00:00,98.5742,98.6308,98.6025,47
2023-01-01 00:05:26.724000+00:00,98.6019,98.655,98.6284,164
2023-01-01 00:05:26.897000+00:00,98.5329,98.5828,98.5579,42
2023-01-01 00:05:27.068000+00:00,98.5487,98.5958,98.5723,78
2023-01-01 00:05:27.851000+00:00,98.643,98.6985,98.6708,104
2023-01-01 00:05:27.900000+00:00,98.6177,98.6712,98.6445,199
2023-01-01 00:05:28.290000+00:00,98.4828,98.5314,98.5071,78
2023-01-01 00:05:28.467000+00:00,98.4772,98.5342,98.5057,66
2023-01-01 00:05:28.720000+00:00,98.4105,98.4544,98.4325,72
2023-01-01 00:05:29.049000+00:00,98.3834,98.4261,98.4047,182
2023-01-01 00:05:29.704000+00:00,98.3721,98.4241,98.3981,40
2023-01-01 00:05:30.177000+00:00,98.2308,98.2892,98.26,49
2023-01-01 00:05:30.698000+00:00,98.1073,98.1514,98.1293,236
2023-01-01 00:05:31.136000+00:00,98.1462,98.1904,98.1683,129
2023-01-01 00:05:31.466000+00:00,98.105,98.147,98.126,44
2023-01-01 00:05:32.451000+00:00,97.891,97.947,97.919,97
2023-01-01 00:05:32.482000+00:00,97.9605,98.0041,97.9823,103
2023-01-01 00:05:33.029000+00:00,97.9797,98.0288,98.0043,142
2023-01-01 00:05:33.364000+00:00,97.9174,97.976,97.9467,191
2023-01-01 00:05:33.464000+00:00,97.8208,97.8602,97.8405,119
2023-01-01 00:05:34.807000+00:00,97.8828,97.9329,97.9079,73
2023-01-01 00:05:35.771000+00:00,97.9114,97.9607,97.936,139
2023-01-01 00:05:36.754000+00:00,98.1009,98.156,98.1284,65
2023-01-01 00:05:36.958000+00:00,98.1393,98.1855,98.1624,48
2023-01-01 00:05:37.397000+00:00,98.1701,98.2174,98.1937,12
2023-01-01 00:05:37.998000+00:00,98.159,98.2015,98.1802,21
2023-01-01 00:05:38.397000+00:00,98.2194,98.2732,98.2463,55
2023-01-01 00:05:38.897000+00:00,98.2695,98.3243,98.2969,41
2023-01-01 00:05:39.389000+00:00,98.3773,98.4193,98.3983,115
2023-01-01 00:05:39.676000+00:00,98.3325,98.3796,98.356,40
2023-01-01 00:05:39.885000+00:00,98.2923,98.3492,98.3208,57
2023-01-01 00:05:40.094000+00:00,98.2623,98.3017,98.282,47
2023-01-01 00:05:40.178000+00:00,98.3234,98.3686,98.346,76
2023-01-01 00:05:41.046000+00:00,98.4423,98.4926,98.4675,69
2023-01-01 00:05:42.485000+00:00,98.4073,98.4532,98.4303,175
2023-01-01 00:05:42.840000+00:00,98.3735,98.4182,98.3958,69
2023-01-01 00:05:43.220000+00:00,98.3971,98.4455,98.4213,144
2023-01-01 00:05:45.727000+00:00,98.3799,98.4228,98.4014,99
2023-01-01 00:05:46.673000+00:00,98.4536,98.5035,98.4786,97
2023-01-01 00:05:47.409000+00:00,98.2695,98.3227,98.2961,58
2023-01-01 00:05:47.547000+00:00,98.2039,98.2545,98.2292,97
2023-01-01 00:05:48.309000+00:00,98.1454,98.1865,98.1659,61
2023-01-01 00:05:48.360000+00:00,97.9506,98.0064,97.9785,108
2023-01-01 00:05:48.481000+00:00,97.8795,97.922,97.9008,88
2023-01-01 00:05:48.879000+00:00,97.7999,97.854,97.827,52
2023-01-01 00:05:49.074000+00:00,97.7877,97.8339,97.8108,149
2023-01-01 00:05:49.344000+00:00,97.8732,97.9277,97.9005,121
2023-01-01 00:05:49.569000+00:00,97.8591,97.9023,97.8807,77
2023-01-01 00:05:50.143000+00:00,97.7763,97.819,97.7977,107
2023-01-01 00:05:50.377000+00:00,97.7687,97.8175,97.7931,95
2023-01-01 00:05:50.663000+00:00,97.8577,97.8975,97.8776,56
2023-01-01 00:05:51.801000+00:00,97.7772,97.8207,97.799,103
2023-01-01 00:05:52.787000+00:00,97.699,97.7523,97.7257,68
2023-01-01 00:05:52.818000+00:00,97.7429,97.7984,97.7706,52
2023-01-01 00:05:52.971000+00:00,97.7324,97.7731,97.7528,18
2023-01-01 00:05:54.026000+00:00,97.7767,97.8331,97.8049,82
2023-01-01 00:05:54.044000+00:00,97.7765,97.8312,97.8038,128
2023-01-01 00:05:54.161000+00:00,97.8323,97.8884,97.8604,65
2023-01-01 00:05:54.640000+00:00,97.7506,97.8034,97.777,226
2023-01-01 00:05:55.089000+00:00,97.7499,97.8021,97.776,144
2023-01-01 00:05:55.400000+00:00,97.7344,97.7837,97.759,165
2023-01-01 00:05:55.687000+00:00,97.6353,97.6871,97.6612,139
2023-01-01 00:05:56.273000+00:00,97.507,97.564,97.5355,192
2023-01-01 00:05:56.930000+00:00,97.5701,97.6111,97.5906,60
2023-01-01 00:05:57.759000+00:00,97.5398,97.585,97.5624,28
2023-01-01 00:05:58.105000+00:00,97.4601,97.5005,97.4803,77
2023-01-01 00:05:58.194000+00:00,97.4439,97.5013,97.4726,127
2023-01-01 00:05:58.641000+00:00,97.5393,97.587,97.5632,107
2023-01-01 00:05:59.316000+00:00,97.354,97.4061,97.3801,113
2023-01-01 00:06:01.073000+00:00,97.2325,97.2878,97.2601,166
2023-01-01 00:06:01.421000+00:00,97.1572,97.2153,97.1862,119
2023-01-01 00:06:01.637000+00:00,97.2822,97.3243,97.3033,139
2023-01-01 00:06:02.759000+00:00,97.2987,97.3531,97.3259,53
2023-01-01 00:06:02.782000+00:00,97.3593,97.4155,97.3874,45
2023-01-01 00:06:03.014000+00:00,97.2761,97.316,97.296,180
2023-01-01 00:06:03.484000+00:00,97.1796,97.2331,97.2063,105
2023-01-01 00:06:03.657000+00:00,97.2193,97.2651,97.2422,68
2023-01-01 00:06:04.649000+00:00,97.2211,97.2726,97.2469,68
2023-01-01 00:06:05.127000+00:00,97.2664,97.3153,97.2908,67
2023-01-01 00:06:07.014000+00:00,97.2538,97.2978,97.2758,64
2023-01-01 00:06:07.312000+00:00,97.2773,97.3189,97.2981,35
2023-01-01 00:06:07.424000+00:00,97.2902,97.3314,97.3108,24
2023-01-01 00:06:08.459000+00:00,97.3526,97.3936,97.3731,90
2023-01-01 00:06:08.785000+00:00,97.4121,97.4636,97.4379,70
2023-01-01 00:06:09.561000+00:00,97.2851,97.3308,97.3079,155
2023-01-01 00:06:09.917000+00:00,97.1065,97.1495,97.128,114
2023-01-01 00:06:09.984000+00:00,97.182,97.2343,97.2082,113
2023-01-01 00:06:10.048000+00:00,97.2772,97.3295,97.3033,62
2023-01-01 00:06:10.248000+00:00,97.1969,97.2462,97.2216,93
2023-01-01 00:06:10.312000+00:00,97.0443,97.1012,97.0727,118
2023-01-01 00:06:10.349000+00:00,97.0575,97.1038,97.0807,135
2023-01-01 00:06:11.846000+00:00,97.1276,97.1827,97.1551,95
2023-01-01 00:06:11.973000+00:00,97.2789,97.3193,97.2991,153
2023-01-01 00:06:12.379000+00:00,97.3138,97.3671,97.3404,100
2023-01-01 00:06:12.394000+00:00,97.2816,97.3397,97.3107,139
2023-01-01 00:06:12.656000+00:00,97.2114,97.2668,97.2391,75
2023-01-01 00:06:12.784000+00:00,97.2149,97.2651,97.24,9
2023-01-01 00:06:13.059000+00:00,97.1905,97.2416,97.216,113
2023-01-01 00:06:14.071000+00:00,97.1119,97.1577,97.1348,136
2023-01-01 00:06:14.271000+00:00,97.2728,97.3249,97.2988,128
2023-01-01 00:06:14.846000+00:00,97.415,97.469,97.442,121
2023-01-01 00:06:15.005000+00:00,97.504,97.5625,97.5332,82
2023-01-01 00:06:15.622000+00:00,97.435,97.4836,97.4593,59
2023-01-01 00:06:15.698000+00:00,97.5078,97.548,97.5279,127
2023-01-01 00:06:16.296000+00:00,97.554,97.6047,97.5793,121
2023-01-01 00:06:16.961000+00:00,97.5942,97.6356,97.6149,71
2023-01-01 00:06:16.984000+00:00,97.6935,97.7374,97.7154,155
2023-01-01 00:06:17+00:00,97.7438,97.7893,97.7666,55
2023-01-01 00:06:17.500000+00:00,97.7995,97.8529,97.8262,70
2023-01-01 00:06:17.701000+00:00,97.8561,97.8989,97.8775,181
2023-01-01 00:06:18.697000+00:00,97.8838,97.9262,97.905,143
2023-01-01 00:06:21.125000+00:00,97.7413,97.7813,97.7613,82
2023-01-01 00:06:21.512000+00:00,97.7399,97.7961,97.768,114
2023-01-01 00:06:21.985000+00:00,97.6969,97.7495,97.7232,107
2023-01-01 00:06:22.146000+00:00,97.6004,97.6402,97.6203,37
2023-01-01 00:06:23.870000+00:00,97.7358,97.7754,97.7556,54
2023-01-01 00:06:24.348000+00:00,97.8698,97.9199,97.8949,97
2023-01-01 00:06:24.696000+00:00,97.9822,98.0269,98.0045,82
2023-01-01 00:06:25.014000+00:00,97.9997,98.0506,98.0251,112
2023-01-01 00:06:25.058000+00:00,98.1104,98.1581,98.1342,156
2023-01-01 00:06:25.616000+00:00,98.1065,98.1639,98.1352,83
2023-01-01 00:06:25.708000+00:00,98.1292,98.1741,98.1516,47
2023-01-01 00:06:25.807000+00:00,98.037,98.0895,98.0633,116
2023-01-01 00:06:26.396000+00:00,98.0752,98.1155,98.0953,83
2023-01-01 00:06:26.430000+00:00,98.0712,98.1292,98.1002,92
2023-01-01 00:06:26.799000+00:00,97.9658,98.0242,97.995,85
2023-01-01 00:06:27.243000+00:00,97.964,98.0177,97.9909,212
2023-01-01 00:06:27.285000+00:00,97.9603,98.0086,97.9844,12
2023-01-01 00:06:27.441000+00:00,98.1078,98.1514,98.1296,80
2023-01-01 00:06:28.181000+00:00,98.1743,98.2295,98.2019,99
2023-01-01 00:06:28.597000+00:00,98.176,98.2297,98.2028,60
2023-01-01 00:06:28.828000+00:00,98.2011,98.2448,98.223,144
2023-01-01 00:06:28.946000+00:00,98.2025,98.2506,98.2265,140
2023-01-01 00:06:29.383000+00:00,98.1859,98.2343,98.2101,97
2023-01-01 00:06:29.588000+00:00,98.0949,98.1503,98.1226,86
2023-01-01 00:06:29.893000+00:00,98.0841,98.1367,98.1104,94
2023-01-01 00:06:30.431000+00:00,98.0242,98.076,98.0501,94
2023-01-01 00:06:31.393000+00:00,97.9233,97.9752,97.9492,96
2023-01-01 00:06:33.353000+00:00,97.9682,98.0127,97.9905,90
2023-01-01 00:06:34.053000+00:00,97.9988,98.0453,98.022,112
2023-01-01 00:06:34.606000+00:00,97.8579,97.8979,97.8779,137
2023-01-01 00:06:36.525000+00:00,97.8407,97.8953,97.868,38
2023-01-01 00:06:36.694000+00:00,97.9245,97.9721,97.9483,47
2023-01-01 00:06:37.053000+00:00,98.0099,98.0577,98.0338,12
2023-01-01 00:06:37.373000+00:00,98.0946,98.1387,98.1167,143
2023-01-01 00:06:37.884000+00:00,98.0981,98.1415,98.1198,112
2023-01-01 00:06:38.447000+00:00,98.0262,98.0769,98.0515,125
2023-01-01 00:06:40.018000+00:00,97.9422,97.9859,97.9641,28
2023-01-01 00:06:40.116000+00:00,97.9716,98.0121,97.9919,189
2023-01-01 00:06:40.515000+00:00,97.9954,98.0496,98.0225,69
2023-01-01 00:06:40.748000+00:00,98.1032,98.1498,98.1265,108
2023-01-01 00:06:40.845000+00:00,98.192,98.2388,98.2154,142
2023-01-01 00:06:40.927000+00:00,98.1808,98.2286,98.2047,50
2023-01-01 00:06:41.116000+00:00,98.0765,98.1317,98.1041,72
2023-01-01 00:06:41.324000+00:00,98.0556,98.1011,98.0783,108
2023-01-01 00:06:42.473000+00:00,98.0688,98.123,98.0959,242
2023-01-01 00:06:42.708000+00:00,98.0507,98.1084,98.0796,115
2023-01-01 00:06:43.140000+00:00,98.0068,98.059,98.0329,180
2023-01-01 00:06:43.675000+00:00,98.0295,98.0772,98.0533,160
2023-01-01 00:06:44.134000+00:00,97.9857,98.0396,98.0126,118
2023-01-01 00:06:44.408000+00:00,97.9379,97.986,97.9619,50
2023-01-01 00:06:45.592000+00:00,97.9634,98.0107,97.9871,152
2023-01-01 00:06:46.651000+00:00,97.9299,97.9794,97.9546,25
2023-01-01 00:06:47.047000+00:00,97.9516,97.997,97.9743,180
2023-01-01 00:06:47.090000+00:00,97.9758,98.017,97.9964,110
2023-01-01 00:06:47.375000+00:00,97.8808,97.9281,97.9045,32
2023-01-01 00:06:47.572000+00:00,97.8449,97.8865,97.8657,82
2023-01-01 00:06:47.931000+00:00,97.958,98.0052,97.9816,132
2023-01-01 00:06:48.226000+00:00,97.8629,97.9129,97.8879,88
2023-01-01 00:06:48.602000+00:00,97.6888,97.746,97.7174,135
2023-01-01 00:06:49.120000+00:00,97.5478,97.5875,97.5677,57
2023-01-01 00:06:49.678000+00:00,97.5444,97.5956,97.57,34
2023-01-01 00:06:50.208000+00:00,97.5485,97.5965,97.5725,96
2023-01-01 00:06:50.874000+00:00,97.5433,97.5827,97.563,101
2023-01-01 00:06:51.669000+00:00,97.6387,97.6826,97.6606,82
2023-01-01 00:06:51.949000+00:00,97.4253,97.4665,97.4459,161
2023-01-01 00:06:53.306000+00:00,97.4561,97.4993,97.4777,57
2023-01-01 00:06:54.926000+00:00,97.5809,97.6253,97.6031,115
2023-01-01 00:06:55.100000+00:00,97.4891,97.5359,97.5125,103
2023-01-01 00:06:56.253000+00:00,97.4574,97.5067,97.482,22
2023-01-01 00:06:56.782000+00:00,97.4021,97.4411,97.4216,34
2023-01-01 00:06:57.247000+00:00,97.3288,97.3709,97.3498,100
2023-01-01 00:06:57.347000+00:00,97.3033,97.3441,97.3237,199
2023-01-01 00:06:57.799000+00:00,97.4133,97.463,97.4382,128
2023-01-01 00:06:58.081000+00:00,97.563,97.6085,97.5857,13
2023-01-01 00:07:00.754000+00:00,97.5339,97.5836,97.5587,55
2023-01-01 00:07:01.598000+00:00,97.6902,97.7336,97.7119,136
2023-01-01 00:07:01.991000+00:00,97.695,97.7346,97.7148,95
2023-01-01 00:07:02.832000+00:00,97.8273,97.8848,97.856,157
2023-01-01 00:07:03.148000+00:00,97.8279,97.8691,97.8485,55
2023-01-01 00:07:03.193000+00:00,97.8383,97.8799,97.8591,117
2023-01-01 00:07:04.398000+00:00,97.8675,97.9096,97.8885,142
2023-01-01 00:07:04.847000+00:00,98.1159,98.1744,98.1452,77
2023-01-01 00:07:05.045000+00:00,98.1883,98.2397,98.214,78
2023-01-01 00:07:05.657000+00:00,98.1312,98.1824,98.1568,101
2023-01-01 00:07:06.704000+00:00,98.2058,98.2645,98.2352,127
2023-01-01 00:07:07.474000+00:00,98.1854,98.2264,98.2059,99
2023-01-01 00:07:07.747000+00:00,98.1371,98.1955,98.1663,148
2023-01-01 00:07:07.795000+00:00,98.2181,98.2614,98.2398,76
2023-01-01 00:07:08.821000+00:00,98.2165,98.2681,98.2423,33
2023-01-01 00:07:09.162000+00:00,98.2411,98.2886,98.2648,198
2023-01-01 00:07:09.179000+00:00,98.2425,98.2894,98.266,69
2023-01-01 00:07:09.274000+00:00,98.2644,98.322,98.2932,71
2023-01-01 00:07:09.300000+00:00,98.3065,98.3488,98.3276,96
2023-01-01 00:07:09.880000+00:00,98.1415,98.2003,98.1709,103
2023-01-01 00:07:10.995000+00:00,98.2014,98.2482,98.2248,80
2023-01-01 00:07:11.655000+00:00,98.1194,98.1714,98.1454,99
2023-01-01 00:07:11.767000+00:00,97.9998,98.058,98.0289,98
2023-01-01 00:07:13.105000+00:00,98.004,98.0443,98.0242,108
2023-01-01 00:07:13.206000+00:00,98.0023,98.0596,98.0309,17
2023-01-01 00:07:14.165000+00:00,97.9498,98.0001,97.975,194
2023-01-01 00:07:14.596000+00:00,98.0155,98.0686,98.042,92
2023-01-01 00:07:14.597000+00:00,97.9127,97.9548,97.9337,129
2023-01-01 00:07:14.713000+00:00,97.8761,97.9257,97.9009,31
2023-01-01 00:07:14.770000+00:00,97.8276,97.8799,97.8538,76
2023-01-01 00:07:15.206000+00:00,97.826,97.874,97.85,66
2023-01-01 00:07:15.940000+00:00,97.8514,97.8936,97.8725,173
2023-01-01 00:07:16.503000+00:00,97.7693,97.8132,97.7913,70
2023-01-01 00:07:17.549000+00:00,97.8217,97.8775,97.8496,137
2023-01-01 00:07:18.087000+00:00,97.8348,97.8746,97.8547,67
2023-01-01 00:07:18.187000+00:00,97.6759,97.7288,97.7023,77
2023-01-01 00:07:18.836000+00:00,97.5156,97.5741,97.5449,87
2023-01-01 00:07:19.297000+00:00,97.5243,97.5634,97.5439,164
2023-01-01 00:07:19.621000+00:00,97.505,97.5472,97.5261,5
2023-01-01 00:07:20.604000+00:00,97.4917,97.5439,97.5178,34
2023-01-01 00:07:22.830000+00:00,97.4955,97.5357,97.5156,2
2023-01-01 00:07:23.072000+00:00,97.5084,97.5589,97.5337,45
2023-01-01 00:07:23.435000+00:00,97.5836,97.636,97.6098,59
2023-01-01 00:07:23.943000+00:00,97.4953,97.5458,97.5206,19
2023-01-01 00:07:24.630000+00:00,97.4034,97.4495,97.4265,63
2023-01-01 00:07:25.282000+00:00,97.3125,97.365,97.3388,0
2023-01-01 00:07:25.328000+00:00,97.3367,97.3872,97.3619,49
2023-01-01 00:07:25.328000+00:00,97.4403,97.4833,97.4618,160
2023-01-01 00:07:25.824000+00:00,97.4022,97.4522,97.4272,120
2023-01-01 00:07:25.904000+00:00,97.1986,97.2547,97.2267,109
2023-01-01 00:07:26.113000+00:00,97.0644,97.1162,97.0903,49
2023-01-01 00:07:26.558000+00:00,96.9997,97.0477,97.0237,23
2023-01-01 00:07:26.636000+00:00,96.9567,97.0017,96.9792,43
2023-01-01 00:07:27.480000+00:00,96.9263,96.9668,96.9466,97
2023-01-01 00:07:27.907000+00:00,96.9279,96.9714,96.9496,143
2023-01-01 00:07:27.939000+00:00,96.9052,96.9442,96.9247,145
2023-01-01 00:07:27.946000+00:00,96.9796,97.0375,97.0085,131
2023-01-01 00:07:28.117000+00:00,96.933,96.9761,96.9545,63
2023-01-01 00:07:28.315000+00:00,96.8584,96.913,96.8857,101
2023-01-01 00:07:28.762000+00:00,96.9029,96.945,96.9239,83
2023-01-01 00:07:28.845000+00:00,96.7793,96.8235,96.8014,89
2023-01-01 00:07:29.239000+00:00,96.8091,96.8559,96.8325,201
2023-01-01 00:07:29.610000+00:00,96.8182,96.8632,96.8407,11
2023-01-01 00:07:29.927000+00:00,96.8018,96.856,96.8289,88
2023-01-01 00:07:31.253000+00:00,96.927,96.9843,96.9557,160
2023-01-01 00:07:31.646000+00:00,96.8781,96.9339,96.906,26
2023-01-01 00:07:31.646000+00:00,97.0497,97.0915,97.0706,67
2023-01-01 00:07:32.113000+00:00,97.0256,97.0795,97.0525,73
2023-01-01 00:07:32.170000+00:00,96.9297,96.9714,96.9505,88
2023-01-01 00:07:32.379000+00:00,96.9279,96.9844,96.9561,20
2023-01-01 00:07:32.630000+00:00,96.8458,96.8946,96.8702,129
2023-01-01 00:07:32.869000+00:00,96.7876,96.8329,96.8102,133
2023-01-01 00:07:32.991000+00:00,96.821,96.8628,96.8419,125
2023-01-01 00:07:33.700000+00:00,96.8667,96.9057,96.8862,56
2023-01-01 00:07:34.135000+00:00,96.8148,96.8584,96.8366,104
2023-01-01 00:07:34.421000+00:00,96.8871,96.9436,96.9154,55
2023-01-01 00:07:35.465000+00:00,96.9807,97.035,97.0078,83
2023-01-01 00:07:35.847000+00:00,97.0938,97.1515,97.1226,207
2023-01-01 00:07:36.217000+00:00,97.1446,97.1854,97.165,104
2023-01-01 00:07:36.415000+00:00,97.249,97.2994,97.2742,40
2023-01-01 00:07:36.830000+00:00,97.1017,97.1455,97.1236,109
2023-01-01 00:07:37.016000+00:00,97.0735,97.1229,97.0982,32
2023-01-01 00:07:37.546000+00:00,97.0064,97.0514,97.0289,40
2023-01-01 00:07:37.777000+00:00,97.0162,97.0606,97.0384,47
2023-01-01 00:07:38.084000+00:00,96.9678,97.0177,96.9927,77
2023-01-01 00:07:38.796000+00:00,96.9583,97.0006,96.9795,146
2023-01-01 00:07:38.819000+00:00,97.1059,97.1539,97.1299,128
2023-01-01 00:07:38.939000+00:00,97.0906,97.1421,97.1163,126
2023-01-01 00:07:39.419000+00:00,97.1288,97.1701,97.1494,45
2023-01-01 00:07:39.494000+00:00,97.1024,97.1593,97.1309,72
2023-01-01 00:07:39.869000+00:00,97.1126,97.1613,97.1369,113
2023-01-01 00:07:40.537000+00:00,97.11,97.1648,97.1374,68
2023-01-01 00:07:40.644000+00:00,97.1475,97.1991,97.1733,86
2023-01-01 00:07:40.723000+00:00,97.2402,97.2929,97.2666,122
2023-01-01 00:07:41.202000+00:00,97.3722,97.4251,97.3986,82
2023-01-01 00:07:41.383000+00:00,97.3955,97.4515,97.4235,111
2023-01-01 00:07:41.402000+00:00,97.4453,97.4963,97.4708,179
2023-01-01 00:07:41.582000+00:00,97.3563,97.4006,97.3785,91
2023-01-01 00:07:41.746000+00:00,97.351,97.3918,97.3714,158
2023-01-01 00:07:42.240000+00:00,97.4214,97.4722,97.4468,127
2023-01-01 00:07:43.584000+00:00,97.4962,97.5365,97.5164,26
2023-01-01 00:07:43.851000+00:00,97.5115,97.5552,97.5334,44
2023-01-01 00:07:44.144000+00:00,97.5845,97.6247,97.6046,58
2023-01-01 00:07:44.344000+00:00,97.6192,97.6689,97.6441,57
2023-01-01 00:07:44.464000+00:00,97.7195,97.7617,97.7406,95
2023-01-01 00:07:45.664000+00:00,97.7384,97.7894,97.7639,130
2023-01-01 00:07:45.815000+00:00,97.708,97.7626,97.7353,162
2023-01-01 00:07:47.135000+00:00,97.7347,97.7899,97.7623,115
2023-01-01 00:07:47.340000+00:00,97.5041,97.5492,97.5266,77
2023-01-01 00:07:50.405000+00:00,97.5325,97.5823,97.5574,4
2023-01-01 00:07:50.581000+00:00,97.2398,97.2896,97.2647,103
2023-01-01 00:07:50.674000+00:00,97.1027,97.1508,97.1267,101
2023-01-01 00:07:52.648000+00:00,97.1371,97.1887,97.1629,109
2023-01-01 00:07:53.310000+00:00,97.1796,97.2226,97.2011,205
2023-01-01 00:07:54.016000+00:00,97.0792,97.137,97.1081,162
2023-01-01 00:07:55.705000+00:00,97.0308,97.0715,97.0512,139
2023-01-01 00:07:56.189000+00:00,97.1333,97.1883,97.1608,51
2023-01-01 00:07:56.342000+00:00,97.0968,97.1472,97.122,74
2023-01-01 00:07:56.649000+00:00,97.2798,97.3235,97.3016,95
2023-01-01 00:07:56.729000+00:00,97.2747,97.3282,97.3015,61
2023-01-01 00:07:57.195000+00:00,97.3139,97.3545,97.3342,125
2023-01-01 00:07:57.479000+00:00,97.4368,97.4909,97.4639,117
2023-01-01 00:07:57.545000+00:00,97.4491,97.4996,97.4744,45
2023-01-01 00:07:57.835000+00:00,97.3734,97.4145,97.394,159
2023-01-01 00:07:57.969000+00:00,97.3649,97.4054,97.3852,105
2023-01-01 00:07:58.728000+00:00,97.3555,97.4091,97.3823,13
2023-01-01 00:07:59.025000+00:00,97.2506,97.2952,97.2729,97
2023-01-01 00:07:59.593000+00:00,97.2243,97.2805,97.2524,114
2023-01-01 00:08:00.053000+00:00,97.1661,97.2198,97.193,148
2023-01-01 00:08:00.176000+00:00,97.2408,97.2932,97.267,83
2023-01-01 00:08:01.248000+00:00,97.2476,97.2919,97.2698,141
2023-01-01 00:08:01.331000+00:00,97.2208,97.2735,97.2471,109
2023-01-01 00:08:01.505000+00:00,97.2099,97.2673,97.2386,34
2023-01-01 00:08:01.518000+00:00,97.2361,97.2768,97.2565,29
2023-01-01 00:08:02.031000+00:00,97.2833,97.3285,97.3059,156
2023-01-01 00:08:02.108000+00:00,97.2041,97.2475,97.2258,159
2023-01-01 00:08:02.803000+00:00,97.1192,97.1657,97.1424,116
2023-01-01 00:08:03.019000+00:00,97.2042,97.2575,97.2309,174
2023-01-01 00:08:03.214000+00:00,97.1738,97.2219,97.1979,152
2023-01-01 00:08:03.249000+00:00,97.0595,97.1095,97.0845,134
2023-01-01 00:08:04.236000+00:00,97.0975,97.1425,97.12,54
2023-01-01 00:08:06.076000+00:00,97.1363,97.1779,97.1571,186
2023-01-01 00:08:06.252000+00:00,97.0127,97.0567,97.0347,126
2023-01-01 00:08:06.453000+00:00,97.0252,97.0807,97.053,80
2023-01-01 00:08:06.907000+00:00,97.0865,97.1371,97.1118,66
2023-01-01 00:08:07.263000+00:00,97.1187,97.1649,97.1418,112
2023-01-01 00:08:08.578000+00:00,97.1652,97.2195,97.1923,16
2023-01-01 00:08:09.015000+00:00,97.0599,97.1,97.08,134
2023-01-01 00:08:10.661000+00:00,97.0846,97.1284,97.1065,52
2023-01-01 00:08:11.664000+00:00,97.0606,97.1039,97.0823,118
2023-01-01 00:08:11.942000+00:00,97.0147,97.0726,97.0437,73
2023-01-01 00:08:12.213000+00:00,97.087,97.1396,97.1133,86
2023-01-01 00:08:12.919000+00:00,97.2062,97.2571,97.2317,62
2023-01-01 00:08:13.774000+00:00,97.3559,97.395,97.3755,91
2023-01-01 00:08:14.163000+00:00,97.4597,97.5023,97.481,194
2023-01-01 00:08:14.169000+00:00,97.4465,97.4978,97.4722,169
2023-01-01 00:08:14.730000+00:00,97.4773,97.5237,97.5005,117
2023-01-01 00:08:15.595000+00:00,97.5335,97.5906,97.5621,98
2023-01-01 00:08:15.672000+00:00,97.5448,97.5988,97.5718,142
2023-01-01 00:08:16.473000+00:00,97.5584,97.6062,97.5823,156
2023-01-01 00:08:16.700000+00:00,97.6217,97.6754,97.6485,58
2023-01-01 00:08:16.885000+00:00,97.6147,97.6728,97.6438,96
2023-01-01 00:08:17.287000+00:00,97.5611,97.6092,97.5852,8
2023-01-01 00:08:18+00:00,97.5261,97.5776,97.5518,156
2023-01-01 00:08:18.249000+00:00,97.5743,97.6313,97.6028,203
2023-01-01 00:08:18.532000+00:00,97.5811,97.625,97.603,104
2023-01-01 00:08:18.987000+00:00,97.6022,97.6586,97.6304,6
2023-01-01 00:08:20.589000+00:00,97.6638,97.7048,97.6843,130
2023-01-01 00:08:20.762000+00:00,97.6283,97.68,97.6541,54
2023-01-01 00:08:20.870000+00:00,97.6878,97.7422,97.715,66
2023-01-01 00:08:21.315000+00:00,97.7199,97.771,97.7455,131
2023-01-01 00:08:21.610000+00:00,97.6217,97.6705,97.6461,112
2023-01-01 00:08:21.832000+00:00,97.7366,97.7878,97.7622,75
2023-01-01 00:08:22.542000+00:00,97.7008,97.7429,97.7219,67
2023-01-01 00:08:23.020000+00:00,97.5671,97.6104,97.5887,106
2023-01-01 00:08:23.113000+00:00,97.4826,97.5269,97.5048,79
2023-01-01 00:08:24.989000+00:00,97.3975,97.4481,97.4228,44
2023-01-01 00:08:25.747000+00:00,97.4032,97.4508,97.427,83
2023-01-01 00:08:25.810000+00:00,97.3832,97.4269,97.405,116
2023-01-01 00:08:26.559000+00:00,97.3499,97.4061,97.378,91
2023-01-01 00:08:27.711000+00:00,97.4046,97.4509,97.4277,29
2023-01-01 00:08:28.414000+00:00,97.4312,97.4788,97.455,149
2023-01-01 00:08:28.778000+00:00,97.4569,97.5039,97.4804,36
2023-01-01 00:08:28.930000+00:00,97.492,97.5346,97.5133,77
2023-01-01 00:08:30.091000+00:00,97.5361,97.5894,97.5628,68
2023-01-01 00:08:30.832000+00:00,97.3697,97.4174,97.3935,107
2023-01-01 00:08:31.888000+00:00,97.3447,97.3839,97.3643,128
2023-01-01 00:08:32.154000+00:00,97.1608,97.2184,97.1896,156
2023-01-01 00:08:32.218000+00:00,97.1652,97.2199,97.1925,64
2023-01-01 00:08:32.410000+00:00,97.1657,97.2186,97.1922,129
2023-01-01 00:08:33.128000+00:00,97.248,97.3038,97.2759,109
2023-01-01 00:08:33.473000+00:00,97.3428,97.3994,97.3711,14
2023-01-01 00:08:33.750000+00:00,97.3646,97.4101,97.3873,195
2023-01-01 00:08:34.120000+00:00,97.3218,97.3726,97.3472,28
2023-01-01 00:08:35.567000+00:00,97.3607,97.4115,97.3861,120
2023-01-01 00:08:35.892000+00:00,97.3217,97.3659,97.3438,119
2023-01-01 00:08:36.751000+00:00,97.3221,97.3653,97.3437,113
2023-01-01 00:08:36.815000+00:00,97.4022,97.4434,97.4228,75
2023-01-01 00:08:37.097000+00:00,97.3521,97.4039,97.378,141
2023-01-01 00:08:37.105000+00:00,97.4156,97.4698,97.4427,21
2023-01-01 00:08:37.168000+00:00,97.4701,97.524,97.497,96
2023-01-01 00:08:37.296000+00:00,97.3978,97.443,97.4204,71
2023-01-01 00:08:37.684000+00:00,97.4771,97.5201,97.4986,66
2023-01-01 00:08:39.138000+00:00,97.5308,97.5786,97.5547,121
2023-01-01 00:08:39.859000+00:00,97.538,97.5877,97.5629,153
2023-01-01 00:08:39.860000+00:00,97.4732,97.5301,97.5016,82
2023-01-01 00:08:39.957000+00:00,97.4047,97.4607,97.4327,139
2023-01-01 00:08:41.157000+00:00,97.3611,97.4179,97.3895,102
2023-01-01 00:08:43.869000+00:00,97.4053,97.4608,97.4331,55
2023-01-01 00:08:44.523000+00:00,97.3276,97.3853,97.3564,87
2023-01-01 00:08:45.421000+00:00,97.3675,97.4155,97.3915,85
2023-01-01 00:08:45.939000+00:00,97.272,97.3119,97.2919,65
2023-01-01 00:08:46.568000+00:00,97.2553,97.2959,97.2756,121
2023-01-01 00:08:47.449000+00:00,97.2611,97.3076,97.2844,111
2023-01-01 00:08:47.682000+00:00,97.4585,97.5025,97.4805,20
2023-01-01 00:08:47.836000+00:00,97.3488,97.3911,97.37,17
2023-01-01 00:08:48.040000+00:00,97.4593,97.5169,97.4881,121
2023-01-01 00:08:49.038000+00:00,97.4787,97.5215,97.5001,59
2023-01-01 00:08:49.165000+00:00,97.5043,97.562,97.5332,115
2023-01-01 00:08:50.616000+00:00,97.5157,97.5696,97.5427,139
2023-01-01 00:08:50.834000+00:00,97.5526,97.6042,97.5784,36
2023-01-01 00:08:50.859000+00:00,97.5399,97.5922,97.566,29
2023-01-01 00:08:52.099000+00:00,97.6602,97.7057,97.683,183
2023-01-01 00:08:52.857000+00:00,97.6204,97.6721,97.6462,117
2023-01-01 00:08:54.039000+00:00,97.716,97.7587,97.7373,79
2023-01-01 00:08:54.378000+00:00,97.6568,97.7142,97.6855,53
2023-01-01 00:08:54.594000+00:00,97.6582,97.7031,97.6806,74
2023-01-01 00:08:55.443000+00:00,97.5724,97.6164,97.5944,40
2023-01-01 00:08:55.860000+00:00,97.6045,97.6575,97.631,144
2023-01-01 00:08:56.098000+00:00,97.7213,97.7733,97.7473,61
2023-01-01 00:08:56.417000+00:00,97.7171,97.765,97.7411,154
2023-01-01 00:08:56.685000+00:00,97.6995,97.7509,97.7252,79
2023-01-01 00:08:56.685000+00:00,97.6145,97.6566,97.6355,47
2023-01-01 00:08:56.886000+00:00,97.591,97.6432,97.6171,78
2023-01-01 00:08:57.472000+00:00,97.467,97.5113,97.4891,31
2023-01-01 00:08:57.479000+00:00,97.3937,97.438,97.4159,93
2023-01-01 00:08:57.792000+00:00,97.413,97.4551,97.4341,91
2023-01-01 00:08:58.151000+00:00,97.5172,97.5627,97.54,141
2023-01-01 00:08:58.177000+00:00,97.7431,97.7887,97.7659,5
2023-01-01 00:08:58.740000+00:00,97.6947,97.7427,97.7187,158
2023-01-01 00:09:00.299000+00:00,97.8128,97.8557,97.8343,141
2023-01-01 00:09:01.623000+00:00,97.8324,97.8754,97.8539,162
2023-01-01 00:09:01.718000+00:00,97.8168,97.8666,97.8417,97
2023-01-01 00:09:01.768000+00:00,97.8557,97.8974,97.8766,150
2023-01-01 00:09:02.456000+00:00,97.8553,97.9079,97.8816,26
2023-01-01 00:09:04.185000+00:00,97.8617,97.9193,97.8905,135
2023-01-01 00:09:04.199000+00:00,97.8338,97.8813,97.8576,61
2023-01-01 00:09:04.393000+00:00,97.7166,97.7733,97.7449,17
2023-01-01 00:09:04.493000+00:00,97.6003,97.6412,97.6208,43
2023-01-01 00:09:04.700000+00:00,97.6533,97.6932,97.6733,100
2023-01-01 00:09:05.371000+00:00,97.6245,97.6776,97.651,58
2023-01-01 00:09:05.399000+00:00,97.5762,97.6301,97.6031,118
2023-01-01 00:09:05.797000+00:00,97.576,97.6315,97.6038,9
2023-01-01 00:09:05.849000+00:00,97.6476,97.6878,97.6677,6
2023-01-01 00:09:05.853000+00:00,97.6551,97.7093,97.6822,168
2023-01-01 00:09:05.923000+00:00,97.6062,97.6527,97.6295,145
2023-01-01 00:09:05.943000+00:00,97.7056,97.7506,97.7281,47
2023-01-01 00:09:06.529000+00:00,97.834,97.8766,97.8553,99
2023-01-01 00:09:06.689000+00:00,97.8658,97.9245,97.8952,150
2023-01-01 00:09:06.918000+00:00,97.9535,97.9939,97.9737,120
2023-01-01 00:09:07.102000+00:00,98.0462,98.1017,98.074,107
2023-01-01 00:09:07.257000+00:00,98.1394,98.1912,98.1653,154
2023-01-01 00:09:08.338000+00:00,98.1881,98.2418,98.215,63
2023-01-01 00:09:08.684000+00:00,98.2367,98.29,98.2634,101
2023-01-01 00:09:09.029000+00:00,98.2773,98.3335,98.3054,99
2023-01-01 00:09:09.431000+00:00,98.1952,98.2381,98.2166,86
2023-01-01 00:09:09.501000+00:00,98.2537,98.293,98.2733,80
2023-01-01 00:09:09.772000+00:00,98.1381,98.1892,98.1637,103
2023-01-01 00:09:10.276000+00:00,98.0763,98.1225,98.0994,101
2023-01-01 00:09:10.817000+00:00,98.184,98.2257,98.2048,47
2023-01-01 00:09:11.009000+00:00,98.2513,98.2943,98.2728,140
2023-01-01 00:09:11.065000+00:00,98.3703,98.4162,98.3933,51
2023-01-01 00:09:11.334000+00:00,98.3509,98.3916,98.3712,89
2023-01-01 00:09:12.417000+00:00,98.2577,98.2981,98.2779,85
2023-01-01 00:09:12.953000+00:00,98.2298,98.2871,98.2585,117
2023-01-01 00:09:13.146000+00:00,98.244,98.2894,98.2667,5
2023-01-01 00:09:15.380000+00:00,98.2438,98.3024,98.2731,144
2023-01-01 00:09:15.849000+00:00,98.3358,98.3941,98.3649,66
2023-01-01 00:09:17.827000+00:00,98.3146,98.3567,98.3357,160
2023-01-01 00:09:18.148000+00:00,98.3375,98.3909,98.3642,76
2023-01-01 00:09:18.240000+00:00,98.2586,98.3097,98.2841,97
2023-01-01 00:09:18.414000+00:00,98.2941,98.347,98.3206,195
2023-01-01 00:09:19.236000+00:00,98.3002,98.3414,98.3208,86
2023-01-01 00:09:19.650000+00:00,98.2386,98.2816,98.2601,161
2023-01-01 00:09:19.738000+00:00,98.2206,98.2614,98.241,101
2023-01-01 00:09:20.828000+00:00,98.2006,98.2517,98.2261,120
2023-01-01 00:09:20.975000+00:00,98.175,98.2336,98.2043,103
2023-01-01 00:09:21.910000+00:00,98.3214,98.3739,98.3477,142
2023-01-01 00:09:21.933000+00:00,98.313,98.3663,98.3397,65
2023-01-01 00:09:22.586000+00:00,98.2906,98.3493,98.3199,50
2023-01-01 00:09:22.606000+00:00,98.124,98.1765,98.1502,68
2023-01-01 00:09:23.094000+00:00,98.058,98.098,98.078,104
2023-01-01 00:09:23.324000+00:00,98.0286,98.0848,98.0567,88
2023-01-01 00:09:24.541000+00:00,97.9782,98.0245,98.0014,135
2023-01-01 00:09:24.820000+00:00,98.0933,98.1326,98.1129,165
2023-01-01 00:09:26.024000+00:00,98.075,98.1242,98.0996,51
2023-01-01 00:09:26.380000+00:00,98.1749,98.2326,98.2038,63
2023-01-01 00:09:26.414000+00:00,98.1866,98.2309,98.2088,28
2023-01-01 00:09:26.543000+00:00,98.1873,98.2362,98.2118,201
2023-01-01 00:09:26.842000+00:00,98.1832,98.2259,98.2046,115
2023-01-01 00:09:28.272000+00:00,98.1847,98.2251,98.2049,123
2023-01-01 00:09:28.411000+00:00,98.3236,98.3645,98.344,32
2023-01-01 00:09:29.412000+00:00,98.1295,98.1831,98.1563,99
2023-01-01 00:09:29.974000+00:00,97.9666,98.0227,97.9946,125
2023-01-01 00:09:30.839000+00:00,97.9298,97.9718,97.9508,87
2023-01-01 00:09:31.191000+00:00,97.9296,97.9744,97.952,153
2023-01-01 00:09:31.321000+00:00,97.9862,98.0292,98.0077,215
2023-01-01 00:09:31.490000+00:00,98.026,98.0657,98.0459,52
2023-01-01 00:09:31.866000+00:00,97.9898,98.0399,98.0148,48
2023-01-01 00:09:32.674000+00:00,98.0707,98.1236,98.0971,56
2023-01-01 00:09:33.146000+00:00,98.1544,98.2064,98.1804,180
2023-01-01 00:09:34.373000+00:00,98.1718,98.2187,98.1953,152
2023-01-01 00:09:34.376000+00:00,98.2481,98.2983,98.2732,93
2023-01-01 00:09:34.421000+00:00,98.2747,98.3158,98.2952,101
2023-01-01 00:09:34.752000+00:00,98.2286,98.271,98.2498,59
2023-01-01 00:09:34.895000+00:00,98.2775,98.3351,98.3063,144
2023-01-01 00:09:35.561000+00:00,98.2881,98.3424,98.3152,81
2023-01-01 00:09:35.830000+00:00,98.2866,98.3441,98.3154,86
2023-01-01 00:09:36.757000+00:00,98.406,98.4634,98.4347,130
2023-01-01 00:09:37.455000+00:00,98.2102,98.2622,98.2362,90
2023-01-01 00:09:38.723000+00:00,98.0928,98.1503,98.1216,88
2023-01-01 00:09:38.786000+00:00,98.002,98.0494,98.0257,100
2023-01-01 00:09:39.028000+00:00,97.9767,98.016,97.9964,139
2023-01-01 00:09:39.109000+00:00,97.9556,97.996,97.9758,182
2023-01-01 00:09:39.708000+00:00,97.8336,97.8749,97.8542,129
2023-01-01 00:09:39.809000+00:00,97.7544,97.7954,97.7749,140
2023-01-01 00:09:40.164000+00:00,97.6826,97.7286,97.7056,90
2023-01-01 00:09:40.815000+00:00,97.8771,97.93,97.9035,64
2023-01-01 00:09:41.207000+00:00,98.0216,98.0763,98.0489,132
2023-01-01 00:09:41.724000+00:00,97.9903,98.0411,98.0157,108
2023-01-01 00:09:41.750000+00:00,97.9653,98.0074,97.9863,28
2023-01-01 00:09:42.073000+00:00,97.8667,97.9205,97.8936,83
2023-01-01 00:09:42.271000+00:00,97.7169,97.7629,97.7399,95
2023-01-01 00:09:42.468000+00:00,97.7108,97.7502,97.7305,74
2023-01-01 00:09:42.952000+00:00,97.6279,97.6725,97.6502,174
2023-01-01 00:09:43.628000+00:00,97.6206,97.6662,97.6434,123
2023-01-01 00:09:43.786000+00:00,97.4926,97.537,97.5148,168
2023-01-01 00:09:44.424000+00:00,97.4262,97.481,97.4536,113
2023-01-01 00:09:45.121000+00:00,97.4386,97.4924,97.4655,104
2023-01-01 00:09:45.186000+00:00,97.4687,97.5212,97.4949,53
2023-01-01 00:09:46.737000+00:00,97.5076,97.5493,97.5285,100
2023-01-01 00:09:47.553000+00:00,97.3951,97.4498,97.4225,100
2023-01-01 00:09:48.773000+00:00,97.465,97.5172,97.4911,31
2023-01-01 00:09:49.071000+00:00,97.4054,97.4482,97.4268,73
2023-01-01 00:09:49.216000+00:00,97.4518,97.5034,97.4776,83
2023-01-01 00:09:49.239000+00:00,97.4526,97.501,97.4768,120
2023-01-01 00:09:50.090000+00:00,97.3426,97.3901,97.3663,123
2023-01-01 00:09:51.891000+00:00,97.3204,97.3615,97.341,70
2023-01-01 00:09:52.324000+00:00,97.3458,97.3948,97.3703,123
2023-01-01 00:09:52.620000+00:00,97.399,97.4399,97.4194,90
2023-01-01 00:09:53.136000+00:00,97.3871,97.4292,97.4081,43
2023-01-01 00:09:53.181000+00:00,97.5103,97.5519,97.5311,75
2023-01-01 00:09:53.300000+00:00,97.5832,97.6409,97.6121,153
2023-01-01 00:09:53.697000+00:00,97.5691,97.6137,97.5914,15
2023-01-01 00:09:54.031000+00:00,97.6287,97.6747,97.6517,105
2023-01-01 00:09:55.394000+00:00,97.7847,97.8301,97.8074,179
2023-01-01 00:09:55.753000+00:00,97.9371,97.9938,97.9655,61
2023-01-01 00:09:55.944000+00:00,97.8413,97.8915,97.8664,100
2023-01-01 00:09:56.174000+00:00,97.7632,97.8203,97.7918,34
2023-01-01 00:09:56.645000+00:00,97.8889,97.934,97.9114,181
2023-01-01 00:09:56.713000+00:00,97.8054,97.8468,97.8261,95
2023-01-01 00:09:56.894000+00:00,97.6947,97.7446,97.7196,102
2023-01-01 00:09:57.051000+00:00,97.6576,97.7034,97.6805,167
2023-01-01 00:09:58.324000+00:00,97.6869,97.7417,97.7143,133
2023-01-01 00:09:58.512000+00:00,97.678,97.7342,97.7061,56
2023-01-01 00:09:58.661000+00:00,97.6296,97.6779,97.6538,67
2023-01-01 00:09:58.744000+00:00,97.5705,97.6285,97.5995,124
2023-01-01 00:09:59.028000+00:00,97.5174,97.5672,97.5423,68
2023-01-01 00:09:59.045000+00:00,97.4495,97.4938,97.4717,5
2023-01-01 00:09:59.526000+00:00,97.6307,97.6793,97.655,97
2023-01-01 00:10:00.065000+00:00,97.659,97.6988,97.6789,25
2023-01-01 00:10:00.120000+00:00,97.7229,97.7777,97.7503,180
2023-01-01 00:10:00.132000+00:00,97.6904,97.7315,97.7109,108
2023-01-01 00:10:00.326000+00:00,97.6734,97.7185,97.696,54
2023-01-01 00:10:01.972000+00:00,97.6135,97.6636,97.6386,65
2023-01-01 00:10:02.956000+00:00,97.4057,97.4455,97.4256,5
2023-01-01 00:10:03.618000+00:00,97.2948,97.3353,97.3151,45
2023-01-01 00:10:04.450000+00:00,97.1438,97.1962,97.17,150
2023-01-01 00:10:05.441000+00:00,96.9701,97.0103,96.9902,211
2023-01-01 00:10:05.632000+00:00,96.8707,96.9187,96.8947,136
2023-01-01 00:10:05.934000+00:00,96.9778,97.0232,97.0005,95
2023-01-01 00:10:06.532000+00:00,96.9753,97.0186,96.997,78
2023-01-01 00:10:06.677000+00:00,97.0789,97.1214,97.1001,52
2023-01-01 00:10:07.862000+00:00,97.1061,97.1598,97.133,202
2023-01-01 00:10:08.331000+00:00,97.1669,97.2243,97.1956,90
2023-01-01 00:10:08.748000+00:00,97.1027,97.1443,97.1235,205
2023-01-01 00:10:08.958000+00:00,97.1367,97.1942,97.1654,169
2023-01-01 00:10:09.004000+00:00,97.1985,97.249,97.2238,12
2023-01-01 00:10:09.552000+00:00,97.1519,97.2033,97.1776,66
2023-01-01 00:10:10.172000+00:00,97.1961,97.2488,97.2224,66
2023-01-01 00:10:11.282000+00:00,97.2415,97.2941,97.2678,96
2023-01-01 00:10:11.706000+00:00,97.1963,97.2512,97.2237,96
2023-01-01 00:10:12.226000+00:00,97.1098,97.158,97.1339,249
2023-01-01 00:10:12.827000+00:00,97.0146,97.0638,97.0392,46
2023-01-01 00:10:13.261000+00:00,97.0236,97.0687,97.0461,111
2023-01-01 00:10:13.470000+00:00,97.0518,97.0927,97.0722,130
2023-01-01 00:10:13.868000+00:00,96.9831,97.0348,97.0089,99
2023-01-01 00:10:13.969000+00:00,96.9913,97.0308,97.011,105
2023-01-01 00:10:14.063000+00:00,97.0345,97.0787,97.0566,47
2023-01-01 00:10:15.472000+00:00,97.0857,97.1264,97.1061,105
2023-01-01 00:10:15.577000+00:00,97.2089,97.2515,97.2302,125
2023-01-01 00:10:15.880000+00:00,97.3069,97.3582,97.3326,116
2023-01-01 00:10:16.182000+00:00,97.2268,97.2779,97.2523,128
2023-01-01 00:10:16.567000+00:00,97.3637,97.4109,97.3873,170
2023-01-01 00:10:18.374000+00:00,97.3243,97.365,97.3447,146
2023-01-01 00:10:18.516000+00:00,97.4048,97.4522,97.4285,103
2023-01-01 00:10:18.535000+00:00,97.411,97.4569,97.434,41
2023-01-01 00:10:18.750000+00:00,97.3744,97.4274,97.4009,69
2023-01-01 00:10:18.972000+00:00,97.2309,97.2811,97.256,89
2023-01-01 00:10:19.041000+00:00,97.218,97.2665,97.2422,112
2023-01-01 00:10:19.052000+00:00,97.0933,97.1416,97.1174,76
2023-01-01 00:10:19.213000+00:00,97.166,97.2237,97.1948,53
2023-01-01 00:10:19.645000+00:00,97.2895,97.3432,97.3163,40
2023-01-01 00:10:19.656000+00:00,97.2282,97.2768,97.2525,17
2023-01-01 00:10:19.903000+00:00,97.2525,97.3008,97.2767,88
2023-01-01 00:10:20.193000+00:00,97.1989,97.2383,97.2186,26
2023-01-01 00:10:21.248000+00:00,97.1397,97.1968,97.1683,49
2023-01-01 00:10:22.373000+00:00,97.2077,97.2528,97.2303,80
2023-01-01 00:10:23.092000+00:00,97.2052,97.2491,97.2272,33
2023-01-01 00:10:23.327000+00:00,97.3374,97.3958,97.3666,118
2023-01-01 00:10:23.463000+00:00,97.3015,97.3544,97.3279,137
2023-01-01 00:10:23.655000+00:00,97.3881,97.428,97.4081,72
2023-01-01 00:10:23.935000+00:00,97.3958,97.436,97.4159,78
2023-01-01 00:10:24.542000+00:00,97.46,97.4995,97.4797,126
2023-01-01 00:10:24.977000+00:00,97.4185,97.4692,97.4438,64
2023-01-01 00:10:24.989000+00:00,97.4197,97.4601,97.4399,60
2023-01-01 00:10:25.387000+00:00,97.402,97.4592,97.4306,159
2023-01-01 00:10:26.186000+00:00,97.3349,97.3921,97.3635,144
2023-01-01 00:10:27.406000+00:00,97.3918,97.4414,97.4166,130
2023-01-01 00:10:27.440000+00:00,97.4433,97.4943,97.4688,146
2023-01-01 00:10:30.094000+00:00,97.4941,97.5388,97.5165,1
2023-01-01 00:10:30.479000+00:00,97.6199,97.6602,97.64,167
2023-01-01 00:10:30.514000+00:00,97.7299,97.7834,97.7566,119
2023-01-01 00:10:31.160000+00:00,97.7059,97.747,97.7264,150
2023-01-01 00:10:32.155000+00:00,97.7361,97.7769,97.7565,119
2023-01-01 00:10:32.334000+00:00,97.6837,97.7289,97.7063,102
2023-01-01 00:10:32.464000+00:00,97.6885,97.7278,97.7082,86
2023-01-01 00:10:32.676000+00:00,97.6361,97.6837,97.6599,118
2023-01-01 00:10:33.152000+00:00,97.7638,97.8168,97.7903,84
2023-01-01 00:10:33.326000+00:00,97.7922,97.847,97.8196,143
2023-01-01 00:10:33.382000+00:00,97.7766,97.8275,97.802,20
2023-01-01 00:10:33.618000+00:00,97.8704,97.9261,97.8982,72
2023-01-01 00:10:33.778000+00:00,97.6999,97.7469,97.7234,202
2023-01-01 00:10:34.180000+00:00,97.5336,97.5892,97.5614,68
2023-01-01 00:10:35.018000+00:00,97.6009,97.6498,97.6254,88
2023-01-01 00:10:35.279000+00:00,97.6085,97.6519,97.6302,55
2023-01-01 00:10:36.432000+00:00,97.6216,97.6791,97.6504,116
2023-01-01 00:10:36.963000+00:00,97.5216,97.5659,97.5438,63
2023-01-01 00:10:37.287000+00:00,97.5221,97.5616,97.5419,90
2023-01-01 00:10:37.892000+00:00,97.6811,97.7249,97.703,142
2023-01-01 00:10:38.742000+00:00,97.7462,97.7925,97.7693,65
2023-01-01 00:10:39.253000+00:00,97.76,97.806,97.783,139
2023-01-01 00:10:39.302000+00:00,97.723,97.7723,97.7476,141
2023-01-01 00:10:39.316000+00:00,97.6877,97.744,97.7159,152
2023-01-01 00:10:40.117000+00:00,97.5223,97.567,97.5447,107
2023-01-01 00:10:40.172000+00:00,97.5408,97.59,97.5654,262
2023-01-01 00:10:40.560000+00:00,97.6105,97.6562,97.6333,152
2023-01-01 00:10:40.609000+00:00,97.4792,97.5342,97.5067,116
2023-01-01 00:10:41.831000+00:00,97.4326,97.4746,97.4536,56
2023-01-01 00:10:42.026000+00:00,97.3403,97.3812,97.3607,95
2023-01-01 00:10:42.524000+00:00,97.259,97.3077,97.2834,171
2023-01-01 00:10:42.667000+00:00,97.2617,97.3137,97.2877,185
2023-01-01 00:10:43.039000+00:00,97.0936,97.1479,97.1208,173
2023-01-01 00:10:43.047000+00:00,97.1448,97.1951,97.1699,139
2023-01-01 00:10:43.196000+00:00,97.2033,97.2573,97.2303,37
2023-01-01 00:10:43.874000+00:00,97.1869,97.2334,97.2102,124
2023-01-01 00:10:44.113000+00:00,96.992,97.0315,97.0118,37
2023-01-01 00:10:44.427000+00:00,96.9117,96.9527,96.9322,25
2023-01-01 00:10:45.095000+00:00,97.0109,97.0504,97.0307,111
2023-01-01 00:10:45.239000+00:00,96.7864,96.8315,96.8089,126
2023-01-01 00:10:45.268000+00:00,96.7571,96.8054,96.7812,145
2023-01-01 00:10:45.504000+00:00,96.6644,96.71,96.6872,124
2023-01-01 00:10:46.019000+00:00,96.7265,96.7761,96.7513,126
2023-01-01 00:10:46.442000+00:00,96.6735,96.7215,96.6975,50
2023-01-01 00:10:47.263000+00:00,96.7038,96.7556,96.7297,94
2023-01-01 00:10:48.735000+00:00,96.7489,96.8005,96.7747,24
2023-01-01 00:10:49.658000+00:00,96.8987,96.9437,96.9212,0
2023-01-01 00:10:49.773000+00:00,96.8823,96.9277,96.905,137
2023-01-01 00:10:50.504000+00:00,96.91,96.9601,96.935,62
2023-01-01 00:10:51.028000+00:00,96.7914,96.8417,96.8165,143
2023-01-01 00:10:51.370000+00:00,96.8891,96.9339,96.9115,155
2023-01-01 00:10:51.517000+00:00,96.8283,96.8734,96.8508,69
2023-01-01 00:10:52.207000+00:00,96.78,96.8322,96.8061,129
2023-01-01 00:10:52.437000+00:00,96.7787,96.83,96.8043,66
2023-01-01 00:10:52.437000+00:00,96.6592,96.7004,96.6798,7
2023-01-01 00:10:53.039000+00:00,96.6744,96.7216,96.698,106
2023-01-01 00:10:53.201000+00:00,96.7471,96.8031,96.7751,76
2023-01-01 00:10:54.129000+00:00,96.7787,96.8182,96.7984,77
2023-01-01 00:10:55.111000+00:00,96.6443,96.6995,96.6719,198
2023-01-01 00:10:55.177000+00:00,96.6411,96.6829,96.662,23
2023-01-01 00:10:55.987000+00:00,96.6968,96.7453,96.7211,119
2023-01-01 00:10:56.202000+00:00,96.5482,96.595,96.5716,50
2023-01-01 00:10:56.365000+00:00,96.4668,96.5056,96.4862,145
2023-01-01 00:10:56.667000+00:00,96.5277,96.584,96.5558,114
2023-01-01 00:10:56.803000+00:00,96.5536,96.601,96.5773,118
2023-01-01 00:10:56.962000+00:00,96.5816,96.6386,96.6101,52
2023-01-01 00:10:57.373000+00:00,96.736,96.7803,96.7582,61
2023-01-01 00:10:57.650000+00:00,96.7678,96.8233,96.7955,146
2023-01-01 00:10:58.644000+00:00,96.8197,96.8763,96.848,188
2023-01-01 00:10:59.148000+00:00,97.0396,97.0893,97.0644,124
2023-01-01 00:10:59.913000+00:00,97.026,97.0687,97.0474,55
2023-01-01 00:11:00.126000+00:00,96.9576,97.0096,96.9836,116
2023-01-01 00:11:00.802000+00:00,96.993,97.0425,97.0178,221
2023-01-01 00:11:01.497000+00:00,97.0243,97.0814,97.0529,105
2023-01-01 00:11:02.457000+00:00,96.9871,97.0344,97.0108,173
2023-01-01 00:11:02.638000+00:00,96.9063,96.9503,96.9283,62
2023-01-01 00:11:02.673000+00:00,97.0921,97.1337,97.1129,97
2023-01-01 00:11:03.033000+00:00,97.1128,97.1652,97.139,130
2023-01-01 00:11:03.045000+00:00,97.0516,97.1093,97.0805,119
2023-01-01 00:11:04.308000+00:00,97.134,97.1734,97.1537,61
2023-01-01 00:11:04.342000+00:00,97.1184,97.1716,97.145,59
2023-01-01 00:11:04.681000+00:00,97.0963,97.1532,97.1248,149
2023-01-01 00:11:05.495000+00:00,97.1496,97.1899,97.1698,159
2023-01-01 00:11:05.702000+00:00,97.0459,97.0869,97.0664,175
2023-01-01 00:11:06.417000+00:00,97.0685,97.1207,97.0946,190
2023-01-01 00:11:06.973000+00:00,97.222,97.2735,97.2477,106
2023-01-01 00:11:07.046000+00:00,97.2649,97.3052,97.2851,84
2023-01-01 00:11:07.620000+00:00,97.2273,97.2825,97.2549,167
2023-01-01 00:11:07.892000+00:00,97.1898,97.2388,97.2143,135
2023-01-01 00:11:08.090000+00:00,97.1532,97.2097,97.1815,50
2023-01-01 00:11:08.629000+00:00,97.1332,97.1891,97.1611,48
2023-01-01 00:11:09.673000+00:00,97.1036,97.1582,97.1309,124
2023-01-01 00:11:10.646000+00:00,97.1798,97.2287,97.2042,91
2023-01-01 00:11:11.358000+00:00,97.0437,97.0874,97.0656,98
2023-01-01 00:11:11.856000+00:00,97.1102,97.1589,97.1345,153
2023-01-01 00:11:12.390000+00:00,97.0837,97.1245,97.1041,137
2023-01-01 00:11:12.967000+00:00,97.1085,97.1601,97.1343,166
2023-01-01 00:11:13.311000+00:00,97.0235,97.0649,97.0442,3
2023-01-01 00:11:13.842000+00:00,97.126,97.1748,97.1504,112
2023-01-01 00:11:13.907000+00:00,97.2302,97.2701,97.2501,134
2023-01-01 00:11:14.762000+00:00,97.3047,97.3494,97.327,23
2023-01-01 00:11:14.900000+00:00,97.184,97.2274,97.2057,67
2023-01-01 00:11:15.148000+00:00,97.2466,97.2976,97.2721,57
2023-01-01 00:11:16.668000+00:00,97.2774,97.3316,97.3045,101
2023-01-01 00:11:17.122000+00:00,97.156,97.196,97.176,181
2023-01-01 00:11:17.216000+00:00,97.1463,97.2017,97.174,201
2023-01-01 00:11:17.222000+00:00,97.1754,97.231,97.2032,59
2023-01-01 00:11:17.283000+00:00,97.2249,97.2705,97.2477,126
2023-01-01 00:11:17.370000+00:00,97.2361,97.2878,97.2619,127
2023-01-01 00:11:17.705000+00:00,97.2619,97.3086,97.2853,119
2023-01-01 00:11:18.066000+00:00,97.3824,97.4244,97.4034,119
2023-01-01 00:11:18.303000+00:00,97.4772,97.5265,97.5018,115
2023-01-01 00:11:18.572000+00:00,97.2516,97.2921,97.2718,184
2023-01-01 00:11:19.949000+00:00,97.2184,97.2744,97.2464,155
2023-01-01 00:11:20.487000+00:00,97.2048,97.2617,97.2332,46
2023-01-01 00:11:20.816000+00:00,97.0656,97.1204,97.093,139
2023-01-01 00:11:20.975000+00:00,97.0757,97.1254,97.1006,144
2023-01-01 00:11:21.062000+00:00,97.1756,97.2253,97.2005,115
2023-01-01 00:11:21.146000+00:00,97.0845,97.1425,97.1135,156
2023-01-01 00:11:21.659000+00:00,97.1186,97.1623,97.1404,109
2023-01-01 00:11:21.701000+00:00,97.047,97.0873,97.0672,110
2023-01-01 00:11:22.168000+00:00,96.9886,97.0383,97.0135,106
2023-01-01 00:11:23.118000+00:00,97.109,97.1542,97.1316,0
2023-01-01 00:11:23.323000+00:00,97.0657,97.1108,97.0882,95
2023-01-01 00:11:26.488000+00:00,97.1057,97.1447,97.1252,66
2023-01-01 00:11:26.690000+00:00,96.9504,97.0008,96.9756,40
2023-01-01 00:11:26.936000+00:00,97.1025,97.1465,97.1245,171
2023-01-01 00:11:29.223000+00:00,97.1514,97.1939,97.1727,125
2023-01-01 00:11:29.456000+00:00,97.1383,97.1779,97.1581,98
2023-01-01 00:11:29.729000+00:00,97.1812,97.2271,97.2041,71
2023-01-01 00:11:30.461000+00:00,97.0634,97.1193,97.0913,114
2023-01-01 00:11:31.324000+00:00,97.1632,97.2087,97.186,149
2023-01-01 00:11:31.956000+00:00,97.134,97.1861,97.16,58
2023-01-01 00:11:32.352000+00:00,97.1169,97.1705,97.1437,99
2023-01-01 00:11:32.459000+00:00,97.0818,97.127,97.1044,143
2023-01-01 00:11:32.520000+00:00,97.0306,97.0853,97.0579,3
2023-01-01 00:11:32.533000+00:00,97.0873,97.1396,97.1135,97
2023-01-01 00:11:32.986000+00:00,97.1091,97.1588,97.134,78
2023-01-01 00:11:33.743000+00:00,97.1667,97.2056,97.1861,93
2023-01-01 00:11:34.174000+00:00,97.1656,97.2052,97.1854,74
2023-01-01 00:11:34.221000+00:00,97.1974,97.2556,97.2265,106
2023-01-01 00:11:34.337000+00:00,97.1659,97.22,97.193,196
2023-01-01 00:11:34.553000+00:00,97.343,97.4002,97.3716,83
2023-01-01 00:11:34.610000+00:00,97.2177,97.2742,97.246,114
2023-01-01 00:11:34.870000+00:00,97.3273,97.3667,97.347,199
2023-01-01 00:11:35.456000+00:00,97.4295,97.4839,97.4567,72
2023-01-01 00:11:36.493000+00:00,97.3645,97.4122,97.3884,190
2023-01-01 00:11:37.674000+00:00,97.5401,97.5945,97.5673,100
2023-01-01 00:11:38.802000+00:00,97.6278,97.667,97.6474,189
2023-01-01 00:11:38.852000+00:00,97.7031,97.7479,97.7255,137
2023-01-01 00:11:40.277000+00:00,97.7009,97.7546,97.7277,115
2023-01-01 00:11:40.822000+00:00,97.683,97.7376,97.7103,96
2023-01-01 00:11:42.533000+00:00,97.6678,97.719,97.6934,68
2023-01-01 00:11:42.581000+00:00,97.7024,97.7473,97.7248,103
2023-01-01 00:11:42.661000+00:00,97.8151,97.8603,97.8377,144
2023-01-01 00:11:44.806000+00:00,97.8233,97.8813,97.8523,99
2023-01-01 00:11:45.332000+00:00,97.755,97.8027,97.7789,84
2023-01-01 00:11:46.033000+00:00,97.8213,97.8692,97.8453,87
2023-01-01 00:11:46.881000+00:00,97.8945,97.9445,97.9195,149
2023-01-01 00:11:46.944000+00:00,97.9487,97.996,97.9724,161
2023-01-01 00:11:47.085000+00:00,98.0075,98.0576,98.0325,66
2023-01-01 00:11:47.088000+00:00,97.9868,98.0345,98.0107,66
2023-01-01 00:11:49.214000+00:00,97.908,97.9634,97.9357,118
2023-01-01 00:11:49.488000+00:00,97.8372,97.8942,97.8657,176
2023-01-01 00:11:49.511000+00:00,97.7053,97.7626,97.734,157
2023-01-01 00:11:49.516000+00:00,97.728,97.7781,97.753,37
2023-01-01 00:11:49.654000+00:00,97.7224,97.7702,97.7463,86
2023-01-01 00:11:49.776000+00:00,97.6845,97.7373,97.7109,53
2023-01-01 00:11:50.905000+00:00,97.4457,97.501,97.4733,86
2023-01-01 00:11:50.943000+00:00,97.3483,97.3982,97.3732,180
2023-01-01 00:11:51.446000+00:00,97.4369,97.4895,97.4632,28
2023-01-01 00:11:51.670000+00:00,97.3831,97.4366,97.4098,19
2023-01-01 00:11:51.705000+00:00,97.4127,97.4649,97.4388,58
2023-01-01 00:11:51.834000+00:00,97.3005,97.354,97.3272,114
2023-01-01 00:11:52.895000+00:00,97.4211,97.4641,97.4426,131
2023-01-01 00:11:53.001000+00:00,97.4067,97.4554,97.4311,121
2023-01-01 00:11:53.312000+00:00,97.4291,97.4796,97.4543,158
2023-01-01 00:11:54.407000+00:00,97.6217,97.6608,97.6412,11
2023-01-01 00:11:54.690000+00:00,97.7353,97.7911,97.7632,159
2023-01-01 00:11:57.061000+00:00,97.713,97.7641,97.7385,84
2023-01-01 00:11:57.611000+00:00,97.67,97.7116,97.6908,136
2023-01-01 00:11:57.909000+00:00,97.6371,97.6921,97.6646,33
2023-01-01 00:11:58.732000+00:00,97.6791,97.7322,97.7056,100
2023-01-01 00:11:59.047000+00:00,97.6702,97.7241,97.6972,111
2023-01-01 00:11:59.360000+00:00,97.642,97.6887,97.6654,157
2023-01-01 00:11:59.769000+00:00,97.7556,97.8114,97.7835,20
2023-01-01 00:11:59.976000+00:00,97.7507,97.7979,97.7743,101
2023-01-01 00:12:00.334000+00:00,97.9344,97.9848,97.9596,45
2023-01-01 00:12:01.050000+00:00,97.9473,97.9865,97.9669,125
2023-01-01 00:12:01.724000+00:00,98.0852,98.1371,98.1111,138
2023-01-01 00:12:01.743000+00:00,98.1133,98.1667,98.14,164
2023-01-01 00:12:02.022000+00:00,98.1926,98.2431,98.2178,73
2023-01-01 00:12:02.144000+00:00,98.1347,98.1838,98.1592,146
2023-01-01 00:12:02.274000+00:00,98.0627,98.1178,98.0902,168
2023-01-01 00:12:02.562000+00:00,98.1011,98.1537,98.1274,17
2023-01-01 00:12:03.180000+00:00,98.1849,98.2297,98.2073,130
2023-01-01 00:12:03.318000+00:00,98.1815,98.2396,98.2106,147
2023-01-01 00:12:03.445000+00:00,98.08,98.1331,98.1066,87
2023-01-01 00:12:04.262000+00:00,97.9674,98.026,97.9967,39
2023-01-01 00:12:04.388000+00:00,97.8525,97.9107,97.8816,147
2023-01-01 00:12:04.583000+00:00,97.7107,97.7677,97.7392,40
2023-01-01 00:12:04.743000+00:00,97.7211,97.775,97.748,91
2023-01-01 00:12:04.832000+00:00,97.8131,97.8642,97.8386,97
2023-01-01 00:12:05.589000+00:00,97.8163,97.8588,97.8376,135
2023-01-01 00:12:07.770000+00:00,97.6308,97.6804,97.6556,68
2023-01-01 00:12:07.826000+00:00,97.6132,97.6672,97.6402,65
2023-01-01 00:12:08.022000+00:00,97.6025,97.6518,97.6272,104
2023-01-01 00:12:08.206000+00:00,97.7678,97.8239,97.7958,150
2023-01-01 00:12:08.302000+00:00,97.6579,97.6991,97.6785,214
2023-01-01 00:12:08.665000+00:00,97.6239,97.6704,97.6471,24
2023-01-01 00:12:09.795000+00:00,97.7599,97.8089,97.7844,115
2023-01-01 00:12:09.821000+00:00,97.7969,97.8444,97.8206,45
2023-01-01 00:12:10.817000+00:00,97.8454,97.8867,97.866,150
2023-01-01 00:12:11.014000+00:00,97.8542,97.8964,97.8753,53
2023-01-01 00:12:12.134000+00:00,97.8741,97.9297,97.9019,66
2023-01-01 00:12:12.365000+00:00,97.9403,97.9889,97.9646,70
2023-01-01 00:12:12.508000+00:00,97.8793,97.9194,97.8993,96
2023-01-01 00:12:12.524000+00:00,97.9504,97.9899,97.9701,116
2023-01-01 00:12:12.526000+00:00,97.8352,97.8836,97.8594,124
2023-01-01 00:12:13.173000+00:00,97.8647,97.9071,97.8859,99
2023-01-01 00:12:14.344000+00:00,97.8738,97.9268,97.9003,33
2023-01-01 00:12:14.649000+00:00,97.8233,97.878,97.8506,136
2023-01-01 00:12:15.092000+00:00,97.827,97.8706,97.8488,97
2023-01-01 00:12:15.103000+00:00,97.7733,97.824,97.7986,158
2023-01-01 00:12:15.907000+00:00,97.6913,97.7334,97.7123,64
2023-01-01 00:12:16.240000+00:00,97.6614,97.7064,97.6839,19
2023-01-01 00:12:17.588000+00:00,97.5669,97.6233,97.5951,98
2023-01-01 00:12:18.072000+00:00,97.5962,97.6459,97.6211,164
2023-01-01 00:12:18.378000+00:00,97.5005,97.5568,97.5286,108
2023-01-01 00:12:18.381000+00:00,97.5641,97.6076,97.5858,90
2023-01-01 00:12:19.353000+00:00,97.4682,97.5136,97.4909,56
2023-01-01 00:12:19.874000+00:00,97.4214,97.4695,97.4455,187
2023-01-01 00:12:20.375000+00:00,97.3712,97.4195,97.3953,48
2023-01-01 00:12:21.477000+00:00,97.4725,97.5309,97.5017,63
2023-01-01 00:12:21.573000+00:00,97.5076,97.5489,97.5282,128
2023-01-01 00:12:22.441000+00:00,97.4834,97.539,97.5112,7
2023-01-01 00:12:22.487000+00:00,97.5234,97.5792,97.5513,163
2023-01-01 00:12:22.516000+00:00,97.3573,97.407,97.3821,131
2023-01-01 00:12:23.688000+00:00,97.3558,97.4015,97.3787,144
2023-01-01 00:12:25.031000+00:00,97.5144,97.5636,97.539,127
2023-01-01 00:12:25.104000+00:00,97.5273,97.572,97.5496,91
2023-01-01 00:12:25.252000+00:00,97.5278,97.5824,97.5551,46
2023-01-01 00:12:25.466000+00:00,97.5748,97.6235,97.5991,92
2023-01-01 00:12:26.447000+00:00,97.6426,97.6997,97.6712,51
2023-01-01 00:12:27.345000+00:00,97.485,97.5362,97.5106,124
2023-01-01 00:12:27.531000+00:00,97.3511,97.4001,97.3756,140
2023-01-01 00:12:28.271000+00:00,97.3661,97.4189,97.3925,173
2023-01-01 00:12:28.289000+00:00,97.3108,97.3595,97.3351,118
2023-01-01 00:12:28.423000+00:00,97.4121,97.4687,97.4404,146
2023-01-01 00:12:28.785000+00:00,97.3938,97.4364,97.4151,85
2023-01-01 00:12:29.106000+00:00,97.2311,97.2889,97.26,76
2023-01-01 00:12:29.379000+00:00,97.1312,97.1858,97.1585,123
2023-01-01 00:12:29.453000+00:00,96.911,96.9664,96.9387,80
2023-01-01 00:12:30.275000+00:00,96.8959,96.9441,96.92,113
2023-01-01 00:12:30.393000+00:00,96.8775,96.9325,96.905,46
2023-01-01 00:12:31.185000+00:00,96.8488,96.8934,96.8711,55
2023-01-01 00:12:31.864000+00:00,96.9304,96.984,96.9572,131
2023-01-01 00:12:32.113000+00:00,97.0322,97.0737,97.053,144
2023-01-01 00:12:32.470000+00:00,97.017,97.0617,97.0394,50
2023-01-01 00:12:32.776000+00:00,96.8452,96.8926,96.8689,133
2023-01-01 00:12:35.155000+00:00,96.8956,96.9407,96.9182,73
2023-01-01 00:12:35.437000+00:00,96.9393,96.9856,96.9625,100
2023-01-01 00:12:36.601000+00:00,96.9599,97.0146,96.9872,170
2023-01-01 00:12:37.381000+00:00,97.0437,97.0875,97.0656,140
2023-01-01 00:12:37.932000+00:00,96.9459,96.9992,96.9726,139
2023-01-01 00:12:37.953000+00:00,97.113,97.1533,97.1331,195
2023-01-01 00:12:38.216000+00:00,97.0296,97.0832,97.0564,64
2023-01-01 00:12:39.443000+00:00,97.0892,97.1434,97.1163,50
2023-01-01 00:12:40.133000+00:00,96.9581,97.0047,96.9814,63
2023-01-01 00:12:41.192000+00:00,96.8808,96.9335,96.9072,87
2023-01-01 00:12:41.432000+00:00,97.0,97.0566,97.0283,17
2023-01-01 00:12:41.441000+00:00,96.9803,97.0346,97.0074,89
2023-01-01 00:12:42.390000+00:00,97.0513,97.0978,97.0746,72
2023-01-01 00:12:42.741000+00:00,97.0694,97.1176,97.0935,139
2023-01-01 00:12:42.892000+00:00,97.0581,97.1121,97.0851,117
2023-01-01 00:12:43.197000+00:00,97.1719,97.2165,97.1942,69
2023-01-01 00:12:43.401000+00:00,97.148,97.2025,97.1753,129
2023-01-01 00:12:43.519000+00:00,97.0103,97.0555,97.0329,136
2023-01-01 00:12:43.809000+00:00,96.9415,96.9959,96.9687,61
2023-01-01 00:12:43.906000+00:00,96.9925,97.033,97.0127,75
2023-01-01 00:12:45.402000+00:00,97.0245,97.0642,97.0443,11
2023-01-01 00:12:45.483000+00:00,96.8901,96.9482,96.9192,45
2023-01-01 00:12:45.930000+00:00,96.8336,96.8891,96.8614,62
2023-01-01 00:12:46.875000+00:00,96.787,96.8429,96.815,103
2023-01-01 00:12:47.578000+00:00,96.7573,96.8144,96.7858,52
2023-01-01 00:12:47.831000+00:00,96.6526,96.6998,96.6762,74
2023-01-01 00:12:48.484000+00:00,96.6041,96.6483,96.6262,38
2023-01-01 00:12:48.739000+00:00,96.5476,96.5888,96.5682,108
2023-01-01 00:12:48.941000+00:00,96.6054,96.6538,96.6296,121
2023-01-01 00:12:49.112000+00:00,96.6725,96.7155,96.694,120
2023-01-01 00:12:49.196000+00:00,96.654,96.7108,96.6824,100
2023-01-01 00:12:49.572000+00:00,96.6318,96.6706,96.6512,22
2023-01-01 00:12:50.042000+00:00,96.6416,96.683,96.6623,69
2023-01-01 00:12:50.344000+00:00,96.5756,96.619,96.5973,79
2023-01-01 00:12:50.478000+00:00,96.4849,96.5274,96.5061,79
2023-01-01 00:12:50.602000+00:00,96.41,96.4529,96.4314,103
2023-01-01 00:12:50.608000+00:00,96.3554,96.4066,96.381,171
2023-01-01 00:12:51.134000+00:00,96.2663,96.3111,96.2887,140
2023-01-01 00:12:52.585000+00:00,96.2764,96.3268,96.3016,50
2023-01-01 00:12:53.189000+00:00,96.3316,96.3873,96.3595,133
2023-01-01 00:12:54.095000+00:00,96.2086,96.2586,96.2336,132
2023-01-01 00:12:54.255000+00:00,96.2097,96.2615,96.2356,59
2023-01-01 00:12:54.752000+00:00,96.1954,96.2409,96.2182,142
2023-01-01 00:12:54.757000+00:00,96.2244,96.266,96.2452,91
2023-01-01 00:12:55.163000+00:00,96.2219,96.2665,96.2442,29
2023-01-01 00:12:56.691000+00:00,96.1006,96.1575,96.129,122
2023-01-01 00:12:56.932000+00:00,96.004,96.0543,96.0292,110
2023-01-01 00:12:57.183000+00:00,96.0096,96.0533,96.0315,88
2023-01-01 00:12:57.498000+00:00,96.0893,96.1364,96.1129,98
2023-01-01 00:12:58.179000+00:00,95.9106,95.965,95.9378,64
2023-01-01 00:12:58.242000+00:00,95.9395,95.9907,95.9651,130
2023-01-01 00:12:58.733000+00:00,96.0346,96.0838,96.0592,97
2023-01-01 00:12:59.615000+00:00,96.0193,96.0748,96.0471,108
2023-01-01 00:12:59.877000+00:00,96.0649,96.1163,96.0906,117
2023-01-01 00:13:00.258000+00:00,96.0096,96.0603,96.035,42
2023-01-01 00:13:01.373000+00:00,96.0045,96.0465,96.0255,55
2023-01-01 00:13:01.827000+00:00,95.8772,95.9176,95.8974,10
2023-01-01 00:13:01.887000+00:00,95.6841,95.7408,95.7124,128
2023-01-01 00:13:02.503000+00:00,95.7619,95.8117,95.7868,39
2023-01-01 00:13:02.626000+00:00,95.686,95.7322,95.7091,106
2023-01-01 00:13:03.025000+00:00,95.6484,95.698,95.6732,118
2023-01-01 00:13:03.534000+00:00,95.5443,95.5837,95.564,130
2023-01-01 00:13:03.766000+00:00,95.4262,95.48,95.4531,39
2023-01-01 00:13:03.905000+00:00,95.4183,95.4606,95.4394,96
2023-01-01 00:13:05.139000+00:00,95.3554,95.4089,95.3821,183
2023-01-01 00:13:05.661000+00:00,95.3876,95.436,95.4118,185
2023-01-01 00:13:06.022000+00:00,95.4256,95.4691,95.4474,149
2023-01-01 00:13:06.226000+00:00,95.4532,95.492,95.4726,116
2023-01-01 00:13:07.340000+00:00,95.4645,95.5183,95.4914,49
2023-01-01 00:13:07.767000+00:00,95.5947,95.6363,95.6155,135
2023-01-01 00:13:09.424000+00:00,95.5119,95.5511,95.5315,92
2023-01-01 00:13:09.704000+00:00,95.5008,95.5535,95.5272,128
2023-01-01 00:13:10.569000+00:00,95.5939,95.6388,95.6163,68
2023-01-01 00:13:11.289000+00:00,95.6931,95.7388,95.716,91
2023-01-01 00:13:11.641000+00:00,95.5825,95.6254,95.6039,108
2023-01-01 00:13:12.153000+00:00,95.552,95.6067,95.5794,112
2023-01-01 00:13:13.436000+00:00,95.6643,95.7083,95.6863,124
2023-01-01 00:13:13.545000+00:00,95.7052,95.7475,95.7264,71
2023-01-01 00:13:13.552000+00:00,95.7197,95.7639,95.7418,32
2023-01-01 00:13:13.840000+00:00,95.7035,95.7457,95.7246,181
2023-01-01 00:13:13.922000+00:00,95.6722,95.7165,95.6944,224
2023-01-01 00:13:14.030000+00:00,95.6971,95.737,95.7171,122
2023-01-01 00:13:15.338000+00:00,95.6765,95.7178,95.6972,33
2023-01-01 00:13:15.606000+00:00,95.6707,95.717,95.6938,61
2023-01-01 00:13:15.694000+00:00,95.6725,95.7276,95.7,125
2023-01-01 00:13:16.144000+00:00,95.6269,95.6663,95.6466,167
2023-01-01 00:13:16.145000+00:00,95.6673,95.7097,95.6885,39
2023-01-01 00:13:16.290000+00:00,95.8906,95.9464,95.9185,93
2023-01-01 00:13:16.547000+00:00,95.7505,95.8059,95.7782,109
2023-01-01 00:13:17.074000+00:00,95.7781,95.8294,95.8038,143
2023-01-01 00:13:18.178000+00:00,95.7223,95.7652,95.7438,82
2023-01-01 00:13:18.188000+00:00,95.7661,95.8125,95.7893,21
2023-01-01 00:13:18.472000+00:00,95.7718,95.8142,95.793,131
2023-01-01 00:13:18.554000+00:00,95.8327,95.8735,95.8531,156
2023-01-01 00:13:19.186000+00:00,95.9231,95.9688,95.946,95
2023-01-01 00:13:19.565000+00:00,95.9365,95.9859,95.9612,120
2023-01-01 00:13:19.756000+00:00,96.028,96.0734,96.0507,76
2023-01-01 00:13:19.841000+00:00,95.8404,95.8904,95.8654,57
2023-01-01 00:13:20.363000+00:00,95.969,96.0131,95.9911,151
2023-01-01 00:13:20.602000+00:00,95.9982,96.0433,96.0207,119
2023-01-01 00:13:21.280000+00:00,96.0792,96.1328,96.106,124
2023-01-01 00:13:21.675000+00:00,95.9819,96.0371,96.0095,175
2023-01-01 00:13:21.880000+00:00,95.9216,95.9661,95.9438,47
2023-01-01 00:13:22.883000+00:00,95.9307,95.98,95.9554,72
2023-01-01 00:13:23.400000+00:00,95.9322,95.9759,95.954,107
2023-01-01 00:13:24.083000+00:00,95.9567,95.9961,95.9764,71
2023-01-01 00:13:24.452000+00:00,96.0359,96.0885,96.0622,139
2023-01-01 00:13:24.908000+00:00,95.9018,95.9434,95.9226,90
2023-01-01 00:13:25.350000+00:00,95.9763,96.0229,95.9996,50
2023-01-01 00:13:25.615000+00:00,95.9763,96.0241,96.0002,103
2023-01-01 00:13:25.792000+00:00,95.9631,96.0051,95.9841,108
2023-01-01 00:13:26.832000+00:00,95.8478,95.888,95.8679,146
2023-01-01 00:13:27.026000+00:00,95.8851,95.9301,95.9076,119
2023-01-01 00:13:27.089000+00:00,95.6888,95.7454,95.7171,123
2023-01-01 00:13:27.347000+00:00,95.7432,95.7933,95.7682,116
2023-01-01 00:13:27.849000+00:00,95.6278,95.6734,95.6506,90
2023-01-01 00:13:28.697000+00:00,95.6353,95.6743,95.6548,64
2023-01-01 00:13:29.096000+00:00,95.6206,95.6703,95.6454,114
2023-01-01 00:13:29.789000+00:00,95.7176,95.7576,95.7376,83
2023-01-01 00:13:30.864000+00:00,95.6992,95.7479,95.7235,184
2023-01-01 00:13:31.696000+00:00,95.6425,95.6951,95.6688,167
2023-01-01 00:13:31.891000+00:00,95.6057,95.6521,95.6289,131
2023-01-01 00:13:32.804000+00:00,95.7072,95.7512,95.7292,118
2023-01-01 00:13:33.678000+00:00,95.7519,95.7911,95.7715,95
2023-01-01 00:13:33.830000+00:00,95.7217,95.7605,95.7411,36
2023-01-01 00:13:33.957000+00:00,95.6992,95.7457,95.7225,89
2023-01-01 00:13:35.042000+00:00,95.5714,95.6265,95.599,105
2023-01-01 00:13:35.574000+00:00,95.6081,95.651,95.6296,111
2023-01-01 00:13:35.907000+00:00,95.4665,95.5156,95.4911,123
2023-01-01 00:13:36.769000+00:00,95.5246,95.5759,95.5502,146
2023-01-01 00:13:36.790000+00:00,95.5406,95.58,95.5603,65
2023-01-01 00:13:36.851000+00:00,95.7278,95.769,95.7484,65
2023-01-01 00:13:37.642000+00:00,95.6394,95.684,95.6617,172
2023-01-01 00:13:38.143000+00:00,95.628,95.6791,95.6536,138
2023-01-01 00:13:38.163000+00:00,95.772,95.8187,95.7954,80
2023-01-01 00:13:38.192000+00:00,95.8632,95.9156,95.8894,94
2023-01-01 00:13:38.616000+00:00,95.8069,95.8619,95.8344,94
2023-01-01 00:13:38.780000+00:00,95.8257,95.8786,95.8521,101
2023-01-01 00:13:39.006000+00:00,95.8236,95.8809,95.8523,123
2023-01-01 00:13:39.887000+00:00,95.8481,95.9009,95.8745,226
2023-01-01 00:13:40.489000+00:00,95.792,95.8467,95.8194,109
2023-01-01 00:13:40.998000+00:00,95.7852,95.8395,95.8123,133
2023-01-01 00:13:41.621000+00:00,95.6602,95.7124,95.6863,15
2023-01-01 00:13:41.928000+00:00,95.6701,95.7238,95.697,75
2023-01-01 00:13:42.237000+00:00,95.7043,95.7605,95.7324,161
2023-01-01 00:13:43.213000+00:00,95.6908,95.7382,95.7145,120
2023-01-01 00:13:43.234000+00:00,95.562,95.6125,95.5873,119
2023-01-01 00:13:43.794000+00:00,95.6411,95.6892,95.6651,133
2023-01-01 00:13:43.873000+00:00,95.6666,95.7211,95.6938,195
2023-01-01 00:13:44.407000+00:00,95.6134,95.6599,95.6366,0
2023-01-01 00:13:44.448000+00:00,95.5876,95.6415,95.6145,175
2023-01-01 00:13:46.785000+00:00,95.4697,95.5232,95.4964,38
2023-01-01 00:13:47.612000+00:00,95.3876,95.4441,95.4158,146
2023-01-01 00:13:47.688000+00:00,95.3521,95.395,95.3736,99
2023-01-01 00:13:48.114000+00:00,95.4442,95.496,95.4701,17
2023-01-01 00:13:50.069000+00:00,95.3935,95.4461,95.4198,122
2023-01-01 00:13:50.270000+00:00,95.4421,95.4982,95.4702,157
2023-01-01 00:13:50.864000+00:00,95.4001,95.4556,95.4279,118
2023-01-01 00:13:53.072000+00:00,95.4228,95.4719,95.4473,129
2023-01-01 00:13:53.686000+00:00,95.4116,95.4608,95.4362,79
2023-01-01 00:13:53.834000+00:00,95.4842,95.5256,95.5049,6
2023-01-01 00:13:54.517000+00:00,95.4344,95.4912,95.4628,134
2023-01-01 00:13:55.002000+00:00,95.3178,95.3608,95.3393,187
2023-01-01 00:13:55.063000+00:00,95.2049,95.2568,95.2308,156
2023-01-01 00:13:55.248000+00:00,95.1625,95.2157,95.1891,0
2023-01-01 00:13:55.286000+00:00,95.068,95.1144,95.0912,24
2023-01-01 00:13:55.402000+00:00,95.1023,95.1444,95.1234,57
2023-01-01 00:13:55.645000+00:00,95.0661,95.1077,95.0869,20
2023-01-01 00:13:55.664000+00:00,95.2458,95.3002,95.273,102
2023-01-01 00:13:56.091000+00:00,95.1129,95.1607,95.1368,119
2023-01-01 00:13:56.216000+00:00,95.1328,95.1726,95.1527,28
2023-01-01 00:13:56.626000+00:00,95.0385,95.0902,95.0644,138
2023-01-01 00:13:57.217000+00:00,95.0044,95.0471,95.0257,130
2023-01-01 00:13:57.606000+00:00,95.0095,95.0641,95.0368,72
2023-01-01 00:13:58.040000+00:00,94.8331,94.8769,94.855,91
2023-01-01 00:13:58.138000+00:00,94.8526,94.8943,94.8735,2
2023-01-01 00:14:00.246000+00:00,95.0025,95.0421,95.0223,83
2023-01-01 00:14:00.432000+00:00,94.9629,95.0107,94.9868,100
2023-01-01 00:14:00.582000+00:00,94.9838,95.0304,95.0071,108
2023-01-01 00:14:01.713000+00:00,95.0612,95.1135,95.0874,118
2023-01-01 00:14:02.389000+00:00,95.0511,95.098,95.0745,112
2023-01-01 00:14:02.466000+00:00,95.0068,95.0513,95.029,86
2023-01-01 00:14:02.496000+00:00,94.8296,94.8725,94.8511,114
2023-01-01 00:14:02.688000+00:00,94.8796,94.9228,94.9012,150
2023-01-01 00:14:04.612000+00:00,94.8646,94.9201,94.8923,95
2023-01-01 00:14:05.394000+00:00,94.7927,94.8338,94.8132,115
2023-01-01 00:14:05.747000+00:00,94.7948,94.8514,94.8231,90
2023-01-01 00:14:05.753000+00:00,94.7555,94.7996,94.7775,67
2023-01-01 00:14:05.965000+00:00,94.7165,94.7561,94.7363,126
2023-01-01 00:14:06.143000+00:00,94.7623,94.8049,94.7836,72
2023-01-01 00:14:07.602000+00:00,94.6597,94.6987,94.6792,119
2023-01-01 00:14:07.613000+00:00,94.7345,94.7873,94.7609,101
2023-01-01 00:14:07.621000+00:00,94.6281,94.6757,94.6519,84
2023-01-01 00:14:08.170000+00:00,94.5781,94.6223,94.6002,83
2023-01-01 00:14:08.238000+00:00,94.7249,94.7754,94.7502,74
2023-01-01 00:14:08.477000+00:00,94.8132,94.8631,94.8382,17
2023-01-01 00:14:08.525000+00:00,94.8179,94.8737,94.8458,119
2023-01-01 00:14:08.624000+00:00,94.7443,94.8004,94.7724,111
2023-01-01 00:14:08.831000+00:00,94.7057,94.7565,94.7311,142
2023-01-01 00:14:09.291000+00:00,94.7101,94.7635,94.7368,73
2023-01-01 00:14:09.969000+00:00,94.7133,94.7662,94.7397,194
2023-01-01 00:14:10.375000+00:00,94.709,94.7562,94.7326,81
2023-01-01 00:14:10.387000+00:00,94.7046,94.7558,94.7302,56
2023-01-01 00:14:10.638000+00:00,94.6938,94.7332,94.7135,50
2023-01-01 00:14:10.727000+00:00,94.575,94.6272,94.6011,13
2023-01-01 00:14:10.821000+00:00,94.5328,94.5888,94.5608,176
2023-01-01 00:14:11.137000+00:00,94.6124,94.6518,94.6321,168
2023-01-01 00:14:11.804000+00:00,94.4987,94.5523,94.5255,130
2023-01-01 00:14:11.926000+00:00,94.483,94.5385,94.5108,55
2023-01-01 00:14:12.688000+00:00,94.4259,94.468,94.447,190
2023-01-01 00:14:13.363000+00:00,94.4318,94.4795,94.4556,82
2023-01-01 00:14:14.657000+00:00,94.3978,94.453,94.4254,86
2023-01-01 00:14:15.639000+00:00,94.5124,94.5683,94.5404,171
2023-01-01 00:14:15.996000+00:00,94.5597,94.5999,94.5798,132
2023-01-01 00:14:16.105000+00:00,94.4555,94.4999,94.4777,210
2023-01-01 00:14:16.674000+00:00,94.5044,94.5554,94.5299,112
2023-01-01 00:14:18.197000+00:00,94.4487,94.4906,94.4696,80
2023-01-01 00:14:19.217000+00:00,94.4028,94.4467,94.4248,69
2023-01-01 00:14:19.408000+00:00,94.4301,94.4683,94.4492,7
2023-01-01 00:14:21.219000+00:00,94.3906,94.4313,94.4109,86
2023-01-01 00:14:21.350000+00:00,94.4562,94.5046,94.4804,157
2023-01-01 00:14:21.734000+00:00,94.3951,94.4452,94.4201,129
2023-01-01 00:14:22.053000+00:00,94.347,94.397,94.372,101
2023-01-01 00:14:23.029000+00:00,94.2948,94.3472,94.321,50
2023-01-01 00:14:23.326000+00:00,94.2543,94.2998,94.2771,111
2023-01-01 00:14:23.987000+00:00,94.341,94.3839,94.3625,150
2023-01-01 00:14:24.229000+00:00,94.3923,94.4304,94.4113,121
2023-01-01 00:14:24.334000+00:00,94.5235,94.5653,94.5444,108
2023-01-01 00:14:25.136000+00:00,94.6992,94.743,94.7211,60
2023-01-01 00:14:25.506000+00:00,94.6201,94.6614,94.6408,143
2023-01-01 00:14:26.317000+00:00,94.6271,94.6654,94.6462,56
2023-01-01 00:14:26.694000+00:00,94.5342,94.575,94.5546,119
2023-01-01 00:14:26.903000+00:00,94.4689,94.5193,94.4941,228
2023-01-01 00:14:27.146000+00:00,94.4202,94.4699,94.445,24
2023-01-01 00:14:29.470000+00:00,94.3351,94.3906,94.3628,87
2023-01-01 00:14:30.539000+00:00,94.2548,94.3075,94.2811,99
2023-01-01 00:14:31.501000+00:00,94.2457,94.2941,94.2699,76
2023-01-01 00:14:32.228000+00:00,94.1554,94.1956,94.1755,151
2023-01-01 00:14:32.318000+00:00,94.2167,94.265,94.2409,123
2023-01-01 00:14:32.834000+00:00,94.1502,94.1891,94.1696,107
2023-01-01 00:14:33.183000+00:00,94.3649,94.4107,94.3878,139
2023-01-01 00:14:33.652000+00:00,94.3302,94.3753,94.3527,100
2023-01-01 00:14:33.916000+00:00,94.3354,94.3812,94.3583,258
2023-01-01 00:14:34.920000+00:00,94.2362,94.2792,94.2577,107
2023-01-01 00:14:35.609000+00:00,94.3649,94.4156,94.3902,109
2023-01-01 00:14:36.114000+00:00,94.4505,94.5042,94.4773,14
2023-01-01 00:14:36.351000+00:00,94.4743,94.5266,94.5004,72
2023-01-01 00:14:36.664000+00:00,94.3709,94.4205,94.3957,157
2023-01-01 00:14:37.142000+00:00,94.3881,94.436,94.412,33
2023-01-01 00:14:37.143000+00:00,94.3057,94.344,94.3249,7
2023-01-01 00:14:37.497000+00:00,94.4128,94.4643,94.4385,101
2023-01-01 00:14:38.171000+00:00,94.4775,94.5256,94.5015,168
2023-01-01 00:14:38.984000+00:00,94.4875,94.5304,94.5089,102
2023-01-01 00:14:39.253000+00:00,94.2975,94.3414,94.3195,83
2023-01-01 00:14:39.500000+00:00,94.2155,94.2708,94.2431,7
2023-01-01 00:14:41.413000+00:00,94.2718,94.3213,94.2965,122
2023-01-01 00:14:41.505000+00:00,94.3674,94.4141,94.3908,133
2023-01-01 00:14:41.815000+00:00,94.4523,94.5018,94.477,10
2023-01-01 00:14:42.130000+00:00,94.3305,94.376,94.3532,156
2023-01-01 00:14:42.649000+00:00,94.3534,94.4,94.3767,138
2023-01-01 00:14:43.083000+00:00,94.434,94.4773,94.4556,156
2023-01-01 00:14:43.517000+00:00,94.3037,94.3497,94.3267,129
2023-01-01 00:14:43.751000+00:00,94.3008,94.3514,94.3261,132
2023-01-01 00:14:44.461000+00:00,94.3281,94.3666,94.3474,126
2023-01-01 00:14:45.273000+00:00,94.2976,94.3504,94.324,143
2023-01-01 00:14:46.057000+00:00,94.1587,94.2017,94.1802,9
2023-01-01 00:14:46.366000+00:00,94.1297,94.1802,94.155,24
2023-01-01 00:14:46.818000+00:00,94.1047,94.1545,94.1296,63
2023-01-01 00:14:46.953000+00:00,94.0932,94.1431,94.1181,93
2023-01-01 00:14:47.411000+00:00,94.0499,94.099,94.0744,119
2023-01-01 00:14:47.864000+00:00,94.0123,94.068,94.0401,116
2023-01-01 00:14:48.154000+00:00,94.0135,94.0606,94.0371,155
2023-01-01 00:14:49.837000+00:00,94.0456,94.097,94.0713,157
2023-01-01 00:14:49.988000+00:00,94.0223,94.0732,94.0477,56
2023-01-01 00:14:50.013000+00:00,93.995,94.037,94.016,111
2023-01-01 00:14:51.595000+00:00,94.0017,94.0446,94.0232,57
2023-01-01 00:14:52.568000+00:00,93.8518,93.8973,93.8745,90
2023-01-01 00:14:52.640000+00:00,93.89,93.9328,93.9114,116
2023-01-01 00:14:52.916000+00:00,93.8892,93.9336,93.9114,70
2023-01-01 00:14:53.004000+00:00,93.892,93.9369,93.9145,220
2023-01-01 00:14:53.440000+00:00,93.9643,94.0133,93.9888,128
2023-01-01 00:14:53.522000+00:00,93.8169,93.8586,93.8377,70
2023-01-01 00:14:54.006000+00:00,93.6591,93.7116,93.6853,196
2023-01-01 00:14:54.190000+00:00,93.6836,93.7293,93.7065,82
2023-01-01 00:14:55.516000+00:00,93.6805,93.7313,93.7059,106
2023-01-01 00:14:55.819000+00:00,93.6995,93.7385,93.719,75
2023-01-01 00:14:56.310000+00:00,93.6602,93.7065,93.6834,182
2023-01-01 00:14:56.485000+00:00,93.7156,93.7537,93.7346,94
2023-01-01 00:14:56.800000+00:00,93.7816,93.8318,93.8067,107
2023-01-01 00:14:56.825000+00:00,93.8221,93.8661,93.8441,160
2023-01-01 00:14:56.989000+00:00,93.7962,93.8516,93.8239,129
2023-01-01 00:14:57.408000+00:00,93.6394,93.683,93.6612,97
2023-01-01 00:14:57.552000+00:00,93.6965,93.7446,93.7205,155
2023-01-01 00:14:57.637000+00:00,93.7937,93.8361,93.8149,226
2023-01-01 00:14:57.654000+00:00,93.8401,93.8893,93.8647,115
2023-01-01 00:14:57.899000+00:00,93.7736,93.8199,93.7967,105
2023-01-01 00:14:58.913000+00:00,93.8266,93.8711,93.8488,108
2023-01-01 00:14:59.532000+00:00,93.8946,93.936,93.9153,165
2023-01-01 00:15:01.242000+00:00,94.0161,94.0558,94.036,70
2023-01-01 00:15:01.857000+00:00,93.9482,93.9881,93.9682,86
2023-01-01 00:15:02.084000+00:00,93.9225,93.9788,93.9506,23
2023-01-01 00:15:03.046000+00:00,93.9858,94.0312,94.0085,40
2023-01-01 00:15:03.750000+00:00,93.9941,94.0317,94.0129,74
2023-01-01 00:15:04.068000+00:00,93.8987,93.9542,93.9264,97
2023-01-01 00:15:06.588000+00:00,93.9395,93.9775,93.9585,188
2023-01-01 00:15:08.114000+00:00,93.9806,94.0261,94.0033,126
2023-01-01 00:15:08.176000+00:00,93.9846,94.0357,94.0101,54
2023-01-01 00:15:09.744000+00:00,93.9997,94.0545,94.0271,63
2023-01-01 00:15:10.153000+00:00,93.9816,94.0326,94.0071,168
2023-01-01 00:15:10.656000+00:00,94.0984,94.1448,94.1216,156
2023-01-01 00:15:11.371000+00:00,94.0239,94.0798,94.0518,101
2023-01-01 00:15:11.457000+00:00,93.9872,94.0255,94.0063,77
2023-01-01 00:15:11.829000+00:00,93.9791,94.0353,94.0072,156
2023-01-01 00:15:11.921000+00:00,94.0485,94.1021,94.0753,50
2023-01-01 00:15:12.203000+00:00,93.9318,93.9868,93.9593,119
2023-01-01 00:15:12.253000+00:00,93.8368,93.8791,93.858,213
2023-01-01 00:15:12.562000+00:00,93.6805,93.7207,93.7006,110
2023-01-01 00:15:12.665000+00:00,93.6782,93.7281,93.7031,61
2023-01-01 00:15:13.024000+00:00,93.5933,93.6404,93.6169,120
2023-01-01 00:15:13.553000+00:00,93.5636,93.6108,93.5872,76
2023-01-01 00:15:14.979000+00:00,93.6108,93.6656,93.6382,30
2023-01-01 00:15:15.435000+00:00,93.5642,93.6133,93.5887,135
2023-01-01 00:15:15.981000+00:00,93.5849,93.6282,93.6066,155
2023-01-01 00:15:15.989000+00:00,93.561,93.606,93.5835,84
2023-01-01 00:15:16.470000+00:00,93.6153,93.6553,93.6353,81
2023-01-01 00:15:16.739000+00:00,93.6514,93.6925,93.672,51
2023-01-01 00:15:17.184000+00:00,93.5985,93.6387,93.6186,92
2023-01-01 00:15:17.316000+00:00,93.5793,93.6319,93.6056,71
2023-01-01 00:15:17.585000+00:00,93.6607,93.7114,93.6861,49
2023-01-01 00:15:18.645000+00:00,93.6927,93.7402,93.7164,194
2023-01-01 00:15:19.124000+00:00,93.5865,93.6309,93.6087,123
2023-01-01 00:15:19.954000+00:00,93.6343,93.6842,93.6592,128
2023-01-01 00:15:20.304000+00:00,93.5493,93.6019,93.5756,144
2023-01-01 00:15:20.373000+00:00,93.6575,93.7115,93.6845,138
2023-01-01 00:15:20.373000+00:00,93.7397,93.7875,93.7636,79
2023-01-01 00:15:20.716000+00:00,93.7595,93.8124,93.786,113
2023-01-01 00:15:21.131000+00:00,93.7746,93.8217,93.7981,86
2023-01-01 00:15:21.320000+00:00,93.7588,93.8052,93.782,121
2023-01-01 00:15:21.716000+00:00,93.8075,93.8613,93.8344,117
2023-01-01 00:15:22.482000+00:00,93.7834,93.8281,93.8058,80
2023-01-01 00:15:22.764000+00:00,93.8015,93.8464,93.824,33
2023-01-01 00:15:23.388000+00:00,93.8697,93.913,93.8914,107
2023-01-01 00:15:24.944000+00:00,93.8243,93.8716,93.8479,89
2023-01-01 00:15:25.825000+00:00,93.7764,93.8242,93.8003,5
2023-01-01 00:15:26.070000+00:00,93.6832,93.733,93.7081,125
2023-01-01 00:15:26.200000+00:00,93.6032,93.6487,93.626,148
2023-01-01 00:15:26.602000+00:00,93.4643,93.5058,93.4851,226
2023-01-01 00:15:27.598000+00:00,93.5145,93.5681,93.5413,80
2023-01-01 00:15:28.152000+00:00,93.6588,93.7027,93.6808,73
2023-01-01 00:15:29.501000+00:00,93.7634,93.8182,93.7908,44
2023-01-01 00:15:30.929000+00:00,93.6446,93.6859,93.6653,110
2023-01-01 00:15:31.262000+00:00,93.6972,93.7452,93.7212,110
2023-01-01 00:15:32.027000+00:00,93.8072,93.8548,93.831,59
2023-01-01 00:15:32.364000+00:00,93.7692,93.8223,93.7957,91
2023-01-01 00:15:32.364000+00:00,93.7835,93.8236,93.8036,1
2023-01-01 00:15:35.169000+00:00,93.6213,93.6758,93.6486,146
2023-01-01 00:15:35.622000+00:00,93.6454,93.6929,93.6692,61
2023-01-01 00:15:35.948000+00:00,93.5629,93.6113,93.5871,98
2023-01-01 00:15:35.993000+00:00,93.579,93.626,93.6025,28
2023-01-01 00:15:36.142000+00:00,93.4632,93.5013,93.4823,70
2023-01-01 00:15:36.303000+00:00,93.5007,93.5474,93.5241,86
2023-01-01 00:15:36.918000+00:00,93.5818,93.6242,93.603,99
2023-01-01 00:15:37.978000+00:00,93.5207,93.5646,93.5427,123
2023-01-01 00:15:38.015000+00:00,93.4303,93.4799,93.4551,171
2023-01-01 00:15:38.521000+00:00,93.266,93.3126,93.2893,136
2023-01-01 00:15:38.568000+00:00,93.2493,93.2884,93.2688,148
2023-01-01 00:15:38.772000+00:00,93.2048,93.2435,93.2242,172
2023-01-01 00:15:41.374000+00:00,93.0848,93.1255,93.1052,128
2023-01-01 00:15:41.873000+00:00,93.1195,93.1603,93.1399,98
2023-01-01 00:15:42.224000+00:00,93.0811,93.1297,93.1054,150
2023-01-01 00:15:43.321000+00:00,93.0027,93.0432,93.0229,153
2023-01-01 00:15:43.930000+00:00,92.9537,93.0072,92.9805,132
2023-01-01 00:15:44.076000+00:00,93.042,93.0831,93.0625,27
2023-01-01 00:15:44.490000+00:00,93.0893,93.1282,93.1088,57
2023-01-01 00:15:44.917000+00:00,93.072,93.1256,93.0988,86
2023-01-01 00:15:45.350000+00:00,93.1249,93.1676,93.1463,138
2023-01-01 00:15:45.554000+00:00,93.0347,93.0798,93.0573,98
2023-01-01 00:15:46.094000+00:00,93.0322,93.0873,93.0597,156
2023-01-01 00:15:46.377000+00:00,93.0436,93.0984,93.071,165
2023-01-01 00:15:47.628000+00:00,93.0098,93.0603,93.035,159
2023-01-01 00:15:47.785000+00:00,93.0491,93.0876,93.0684,160
2023-01-01 00:15:48.343000+00:00,92.9845,93.0327,93.0086,48
2023-01-01 00:15:48.875000+00:00,93.0198,93.0755,93.0476,124
2023-01-01 00:15:49.108000+00:00,93.0625,93.1174,93.0899,69
2023-01-01 00:15:49.212000+00:00,92.847,92.8861,92.8666,17
2023-01-01 00:15:49.257000+00:00,92.9354,92.9799,92.9576,85
2023-01-01 00:15:49.766000+00:00,92.7031,92.7461,92.7246,166
2023-01-01 00:15:50.038000+00:00,92.6578,92.6973,92.6776,123
2023-01-01 00:15:50.354000+00:00,92.7309,92.7809,92.7559,200
2023-01-01 00:15:50.604000+00:00,92.7106,92.7527,92.7316,108
2023-01-01 00:15:50.673000+00:00,92.598,92.6414,92.6197,222
2023-01-01 00:15:50.977000+00:00,92.517,92.5557,92.5363,108
2023-01-01 00:15:50.984000+00:00,92.5915,92.6378,92.6146,101
2023-01-01 00:15:51.213000+00:00,92.4482,92.4881,92.4682,36
2023-01-01 00:15:51.577000+00:00,92.5317,92.5767,92.5542,155
2023-01-01 00:15:52.761000+00:00,92.5302,92.5698,92.55,74
2023-01-01 00:15:52.829000+00:00,92.4318,92.4865,92.4591,67
2023-01-01 00:15:53.279000+00:00,92.3949,92.4346,92.4148,164
2023-01-01 00:15:53.496000+00:00,92.3141,92.3606,92.3374,157
2023-01-01 00:15:54.311000+00:00,92.383,92.4236,92.4033,156
2023-01-01 00:15:54.444000+00:00,92.4398,92.4782,92.459,81
2023-01-01 00:15:54.706000+00:00,92.3079,92.3485,92.3282,97
2023-01-01 00:15:55.330000+00:00,92.2785,92.3165,92.2975,97
2023-01-01 00:15:55.535000+00:00,92.2122,92.2517,92.2319,139
2023-01-01 00:15:56.326000+00:00,92.3072,92.3533,92.3302,177
2023-01-01 00:15:56.359000+00:00,92.2032,92.2521,92.2276,118
2023-01-01 00:15:56.500000+00:00,92.3303,92.3688,92.3496,198
2023-01-01 00:15:56.512000+00:00,92.3245,92.3696,92.347,144
2023-01-01 00:15:57.165000+00:00,92.2349,92.2825,92.2587,88
2023-01-01 00:15:57.423000+00:00,92.1866,92.2278,92.2072,141
2023-01-01 00:15:57.858000+00:00,92.1245,92.1682,92.1464,185
2023-01-01 00:15:57.902000+00:00,92.0306,92.0688,92.0497,199
2023-01-01 00:15:58.324000+00:00,92.0365,92.0773,92.0569,159
2023-01-01 00:15:58.482000+00:00,91.9412,91.9865,91.9638,101
2023-01-01 00:15:59.009000+00:00,91.7714,91.8263,91.7988,89
2023-01-01 00:15:59.182000+00:00,91.7426,91.7976,91.7701,128
2023-01-01 00:15:59.421000+00:00,91.6067,91.6613,91.634,183
2023-01-01 00:15:59.678000+00:00,91.555,91.5994,91.5772,121
2023-01-01 00:16:02.470000+00:00,91.4896,91.5277,91.5087,122
2023-01-01 00:16:03.457000+00:00,91.4218,91.4643,91.443,102
2023-01-01 00:16:03.466000+00:00,91.5734,91.6144,91.5939,83
2023-01-01 00:16:03.670000+00:00,91.5797,91.6166,91.5981,91
2023-01-01 00:16:04.755000+00:00,91.5974,91.6358,91.6166,106
2023-01-01 00:16:05.184000+00:00,91.4603,91.5051,91.4827,185
2023-01-01 00:16:05.824000+00:00,91.412,91.4548,91.4334,88
2023-01-01 00:16:05.947000+00:00,91.4297,91.4696,91.4497,102
2023-01-01 00:16:05.993000+00:00,91.3477,91.3973,91.3725,56
2023-01-01 00:16:06.139000+00:00,91.4193,91.4624,91.4409,135
2023-01-01 00:16:07.726000+00:00,91.3243,91.3764,91.3503,168
2023-01-01 00:16:08.135000+00:00,91.3083,91.3493,91.3288,181
2023-01-01 00:16:08.405000+00:00,91.2616,91.3079,91.2847,110
2023-01-01 00:16:08.902000+00:00,91.2771,91.317,91.2971,128
2023-01-01 00:16:09.467000+00:00,91.2262,91.2717,91.2489,92
2023-01-01 00:16:10.035000+00:00,91.2089,91.2482,91.2286,126
2023-01-01 00:16:10.240000+00:00,91.1911,91.2306,91.2108,115
2023-01-01 00:16:12.705000+00:00,91.1319,91.1795,91.1557,102
2023-01-01 00:16:12.830000+00:00,91.1715,91.2128,91.1921,106
2023-01-01 00:16:13.871000+00:00,91.1902,91.2298,91.21,122
2023-01-01 00:16:14.146000+00:00,91.1766,91.2301,91.2034,85
2023-01-01 00:16:14.579000+00:00,91.1524,91.1897,91.171,87
2023-01-01 00:16:15.070000+00:00,91.2075,91.2543,91.2309,185
2023-01-01 00:16:15.158000+00:00,91.1899,91.2364,91.2132,235
2023-01-01 00:16:15.321000+00:00,91.1696,91.2106,91.1901,39
2023-01-01 00:16:15.855000+00:00,91.1756,91.2203,91.198,37
2023-01-01 00:16:16.703000+00:00,91.3064,91.3446,91.3255,52
2023-01-01 00:16:17.143000+00:00,91.1999,91.2496,91.2247,94
2023-01-01 00:16:18.357000+00:00,91.2623,91.3029,91.2826,144
2023-01-01 00:16:18.655000+00:00,91.1204,91.1604,91.1404,129
2023-01-01 00:16:18.887000+00:00,91.1356,91.1778,91.1567,108
2023-01-01 00:16:19.763000+00:00,91.2485,91.3015,91.275,126
2023-01-01 00:16:19.784000+00:00,91.2862,91.3373,91.3118,65
2023-01-01 00:16:20.627000+00:00,91.2977,91.3515,91.3246,87
2023-01-01 00:16:20.773000+00:00,91.2582,91.3067,91.2825,98
2023-01-01 00:16:21.256000+00:00,91.2605,91.3091,91.2848,20
2023-01-01 00:16:21.264000+00:00,91.2432,91.2885,91.2658,41
2023-01-01 00:16:21.460000+00:00,91.1803,91.2333,91.2068,43
2023-01-01 00:16:22.891000+00:00,91.1621,91.2079,91.185,138
2023-01-01 00:16:23.489000+00:00,91.1784,91.2214,91.1999,112
2023-01-01 00:16:23.656000+00:00,91.1182,91.1664,91.1423,130
2023-01-01 00:16:23.755000+00:00,91.0586,91.105,91.0818,8
2023-01-01 00:16:24.010000+00:00,90.9605,90.9991,90.9798,25
2023-01-01 00:16:24.128000+00:00,90.9873,91.0309,91.0091,133
2023-01-01 00:16:25.205000+00:00,91.0289,91.071,91.05,38
2023-01-01 00:16:25.723000+00:00,91.0414,91.0933,91.0673,161
2023-01-01 00:16:26.231000+00:00,91.1181,91.1615,91.1398,8
2023-01-01 00:16:27.375000+00:00,91.1206,91.1721,91.1464,142
2023-01-01 00:16:27.872000+00:00,91.1535,91.1981,91.1758,55
2023-01-01 00:16:30.394000+00:00,91.1735,91.2237,91.1986,152
2023-01-01 00:16:30.615000+00:00,91.1723,91.2112,91.1917,260
2023-01-01 00:16:31.087000+00:00,91.1252,91.1785,91.1519,13
2023-01-01 00:16:31.222000+00:00,91.2956,91.3409,91.3183,134
